filename,label,x_mean,x_std,x_var,x_min,x_max,x_median,x_skew,x_kurtosis,x_rms,x_dominant_freq,x_dominant_freq_magnitude,y_mean,y_std,y_var,y_min,y_max,y_median,y_skew,y_kurtosis,y_rms,y_dominant_freq,y_dominant_freq_magnitude,z_mean,z_std,z_var,z_min,z_max,z_median,z_skew,z_kurtosis,z_rms,z_dominant_freq,z_dominant_freq_magnitude,magnitude_mean,magnitude_std,magnitude_var,magnitude_min,magnitude_max,magnitude_median,magnitude_skew,magnitude_kurtosis,magnitude_rms,magnitude_dominant_freq,magnitude_dominant_freq_magnitude,sum_xyz_mean,sum_xyz_std,sum_xyz_var,sum_xyz_min,sum_xyz_max,sum_xyz_median,sum_xyz_skew,sum_xyz_kurtosis,sum_xyz_rms,sum_xyz_dominant_freq,sum_xyz_dominant_freq_magnitude
aruki1_processed.csv,aruki,-0.8718286555555554,0.2581095240294033,0.06662052639468512,-1.488022,-0.40274,-0.7955095,-0.5721846499286297,-0.5836698259240514,0.9090300418616354,1.889522248301728,19.585644696511384,0.5886351722222222,0.16656729298622186,0.027744663092757874,0.148575,0.968399,0.5658495,0.22737733794585982,-0.5716624541053994,0.6116223443046053,1.889522248301728,13.238191173639995,-0.02287636111111111,0.10415474246849697,0.010848210378678927,-0.380997,0.325745,-0.0288845,0.10049617210389657,0.5653518274114604,0.10635445661056137,2.834283372452592,5.553163017985043,1.0719122577389166,0.2511639987916201,0.06308335428899695,0.6697513272887184,1.7577873971982503,1.0006584534679792,0.7489859565082952,-0.2981068992493765,1.100785528384415,1.889522248301728,23.858870332350442,-0.3060698444444444,0.2783330873593788,0.07746930751900358,-1.208252,0.27989200000000003,-0.31609349999999997,-0.14087412951750325,-0.045808099965289895,0.41317995129904084,0.944761124150864,21.197014984626595
aruki10_processed.csv,aruki,-0.7887849382022472,0.2567629637982791,0.06592721957847639,-2.170807,-0.372452,-0.7839050000000001,-1.2011201834389535,4.516580989846943,0.8293000184945843,1.9088182454858256,15.559511234134451,0.6461797865168539,0.21201550872787728,0.0449505759411406,0.032272,1.285736,0.6465685,-0.14840405644874766,-0.2211554260163835,0.6798870208487551,1.9088182454858256,14.444275704145648,0.03169194943820224,0.08167063368501284,0.006670092406511554,-0.338776,0.242935,0.038566500000000004,-1.074527650230742,3.1390699168677205,0.08738992869006736,0.9544091227429128,3.264973317746492,1.0343430974929433,0.2970724424348933,0.08825203605423297,0.439468676040739,2.2026622739117316,1.042620825511713,0.30504238723880833,0.5964904220857772,1.0759283811807219,1.9088182454858256,20.659569429241763,-0.11091320224719102,0.2836851704045754,0.08047727590747299,-2.073914,0.430589,-0.08139049999999995,-3.9437859435118003,23.820069986495096,0.3038534100724052,0.22456685241009713,9.091767025463605
aruki11_processed.csv,aruki,-0.7080317030567684,0.26385458163197273,0.06961924024818335,-1.655701,0.110611,-0.713882,0.1893962711079238,1.2900566575678596,0.7553966631062755,1.8328553095096594,18.137252439516597,0.629545248908297,0.3234840830683267,0.10464195199855611,-0.630615,1.373932,0.6577,-1.8147703802580262,4.713917874699524,0.7074688831786975,1.8328553095096594,16.79808315444805,0.04363844104803493,0.2194087291571438,0.04814019043035288,-2.121704,0.30777,0.085419,-5.600899335904521,44.08679549090984,0.22323593974821965,0.08727882426236473,12.077530585533639,1.0205405891510198,0.2825173831589243,0.07981607178696644,0.36736483383415997,2.1416973359001967,1.0007079269761983,0.47457538100651325,0.6650477397843289,1.0587590018948978,1.8328553095096594,25.087071706469263,-0.03484801310043669,0.36125658956422424,0.13050632350357438,-2.436508,0.4917,0.038056000000000034,-2.8954163370864205,11.294713172501064,0.36214749883360603,0.17455764852472946,21.454598935415078
aruki12_processed.csv,aruki,-0.7894195025380711,0.24254925088186385,0.05883013910335333,-1.697861,-0.357574,-0.786484,-0.5864484374004375,0.8864873560851105,0.825660135856804,1.8769276878150591,18.284172855866505,0.6024817157360406,0.19794165133179933,0.03918089733195961,-0.022705,1.156342,0.595688,-0.07756216702316698,-0.31990854728010465,0.634008065662013,1.927655463161412,13.272615555347391,0.1626431979695431,0.08562215576158796,0.007331153557261631,-0.185486,0.414322,0.164078,-0.31703024557373544,1.058718479307558,0.18370288355269115,1.8769276878150591,3.4737630579935224,1.0192810151761476,0.28088134080960225,0.07889432761499993,0.4638944820775518,1.7569492490000957,1.0261058469777862,0.02623889045768057,-0.6000207574679917,1.0570844983695187,1.8769276878150591,22.62219459109671,-0.0242945888324873,0.21415899597101862,0.045864075555314764,-1.2145540000000001,0.388382,0.006744,-2.3899043124681714,10.07912042963823,0.21499183713709633,0.3550944274244706,6.803231439302837
aruki2_processed.csv,aruki,-0.9325257127071822,0.2936106574625377,0.08620721817558365,-1.8909,-0.360001,-0.882446,-0.5026315282330759,-0.27654265439446934,0.977412471816416,1.878974976167413,23.26849306622196,0.5176014917127072,0.17488739360455852,0.03058560044179577,0.088165,0.972092,0.502853,0.34740644800190496,-0.5549895672859808,0.5461940346132544,1.878974976167413,12.665888605341715,-0.04378355801104972,0.10869987963308884,0.011815663832248004,-0.359741,0.271591,-0.038391,0.08247815913521687,0.18280230722236368,0.11690758689528905,2.8184624642511196,7.272054946896521,1.0910014569297477,0.27834206147194446,0.0774743031844517,0.6680848194510933,2.019291289074709,1.0114109630506285,0.7656190145846283,-0.03379969495667945,1.1257577214405685,1.878974976167413,26.376885109350262,-0.45870777900552484,0.31655015257427266,0.1002039990947953,-1.177475,0.24775699999999995,-0.482895,0.25211412919054993,-0.7801817738251611,0.5568331997648034,0.9394874880837065,27.809499670451427
aruki3_processed.csv,aruki,-0.9085155257731957,0.27151012686305764,0.07371774898919364,-1.703064,-0.365189,-0.847023,-0.6512874077616663,-0.07558564112492405,0.9480180489649386,1.9078095962742543,20.696543161105456,0.5196993144329897,0.16503609846631592,0.027236913796983522,0.249741,1.025589,0.4979705,0.4637163372622413,-0.41500214007346425,0.5451457555151943,1.9078095962742543,12.442181868610824,-0.036313427835051544,0.12200459549880226,0.01488512132282636,-0.936401,0.277771,-0.0308075,-1.8544218039993379,14.11755757903051,0.12699235777974502,2.8874956051718446,5.336613700817851,1.0683994162238832,0.26634098367297415,0.0709375195838875,0.6691397350636114,1.9108434692951697,1.0027945877480082,0.9165143616634834,0.41804924412673694,1.100931049091622,1.9078095962742543,24.69972000233034,-0.42512963917525765,0.26500246758722823,0.07022630782731995,-0.958192,0.29002399999999995,-0.440536,0.16282410228825875,-0.6072447797154901,0.5005991676532676,0.97968600889759,18.572374490049192
aruki4_processed.csv,aruki,-0.9631894717948719,0.29100925275554945,0.08468638518934325,-1.741211,-0.455872,-0.916336,-0.3482486392788265,-0.5397685024012846,1.0059751759417377,1.8981207863794365,20.43118809130248,0.4785300974358974,0.16986965137181273,0.0288556984571812,0.050613,0.920044,0.480301,0.10409806987559263,-0.5533112161053184,0.5076403989719342,0.9234101122926988,10.273759603983214,0.004275420512820512,0.09690431544148632,0.009390446351183085,-0.20195,0.290497,-0.005966,0.4357072048202796,0.16877124062953053,0.09675003584810837,2.821530898672135,5.219242441690604,1.1008525121964565,0.2598372140658288,0.06751537781349135,0.6866008892668287,1.8682690575623737,1.047830405584797,0.6403567876379056,-0.21289216775106334,1.1309488930610458,1.8981207863794365,22.57722399156987,-0.48038395384615384,0.3354292121280407,0.11251275634883814,-1.40155,0.240066,-0.4966279999999999,0.06581155222692052,-0.6418036006168726,0.5854096949723374,0.9234101122926988,26.49054772921944
aruki5_processed.csv,aruki,-0.6408721863354038,0.2623984152516504,0.06885292832657758,-1.331894,-0.211807,-0.551483,-0.6578266544459438,-0.5968630123819709,0.6922011482257028,0.9256602271570199,12.757214536478351,0.8700595900621118,0.31224911831667895,0.09749951188954338,0.020706,1.622452,0.89444,-0.157377759080561,-0.20225916127818744,0.9240658067033016,1.9130311361245078,17.272456110581693,-0.033766018633540375,0.16217732067780286,0.026301483342230904,-0.738846,0.258804,-0.005157,-1.350451937690153,3.25724761707112,0.16516132751349097,0.061710681810467995,6.5163675061251665,1.126379184426752,0.30357975596224274,0.09216066823009486,0.5064696319366049,1.8976989242042588,1.1486653840592567,0.04056989230267264,-0.5679644894158371,1.1663268447691768,1.9130311361245078,21.119606789510964,0.1954213850931677,0.43501547020053005,0.18923845931378824,-1.2693180000000002,1.186051,0.24404900000000002,-0.8617077281761063,1.5113142536785444,0.47566015484617996,0.9256602271570199,20.827992257324993
aruki6_processed.csv,aruki,-0.7049582752808989,0.30331453174889883,0.09199970517005375,-1.356171,-0.020905,-0.6524274999999999,-0.28502737492561636,-0.6690508816570464,0.7671043102348187,0.9539782382631192,30.944751545104282,0.946209893258427,0.19692450486106053,0.03877926061477385,0.542816,1.367371,0.938995,-0.02518247067578544,-0.8929467633167012,0.9663718547744485,1.9079564765262385,10.952600989092497,-0.10989929213483147,0.17374702232975547,0.030188027768456544,-0.979263,0.277664,-0.074585,-1.66474939661373,5.269197250291439,0.2051737958867385,0.9539782382631192,7.039075822702117,1.2299225267106986,0.22804078301962002,0.05200259872020142,0.6973216198283256,1.645783115247875,1.2518869790140754,-0.3446387786072884,-0.5477046636850478,1.250767712646764,1.9079564765262385,16.981845895697795,0.13135232584269665,0.4582688345893263,0.21001032475585935,-1.013733,1.205672,0.20306349999999995,-0.28671139686572544,-0.42897976393970794,0.47548283352293597,0.9539782382631192,45.70263769200001
aruki7_processed.csv,aruki,-0.6408721863354038,0.2623984152516504,0.06885292832657758,-1.331894,-0.211807,-0.551483,-0.6578266544459438,-0.5968630123819709,0.6922011482257028,0.9256602271570199,12.757214536478351,0.8700595900621118,0.31224911831667895,0.09749951188954338,0.020706,1.622452,0.89444,-0.157377759080561,-0.20225916127818744,0.9240658067033016,1.9130311361245078,17.272456110581693,-0.033766018633540375,0.16217732067780286,0.026301483342230904,-0.738846,0.258804,-0.005157,-1.350451937690153,3.25724761707112,0.16516132751349097,0.061710681810467995,6.5163675061251665,1.126379184426752,0.30357975596224274,0.09216066823009486,0.5064696319366049,1.8976989242042588,1.1486653840592567,0.04056989230267264,-0.5679644894158371,1.1663268447691768,1.9130311361245078,21.119606789510964,0.1954213850931677,0.43501547020053005,0.18923845931378824,-1.2693180000000002,1.186051,0.24404900000000002,-0.8617077281761063,1.5113142536785444,0.47566015484617996,0.9256602271570199,20.827992257324993
hand1_processed.csv,hand,0.7727580540540541,0.010241320501452754,0.0001048846456134765,0.744644,0.813354,0.7718275,0.5004853069104584,2.6600676854408922,0.7728249979076414,0.1351906929541574,0.22505250480559988,0.00920231081081081,0.010420510358660462,0.00010858703613495,-0.019302,0.039948,0.0088115,0.21480385003135535,0.7422599853557879,0.013849265973816572,0.2703813859083148,0.2823343632582797,-0.6373298918918919,0.016459160218900603,0.00027090395511144015,-0.668854,-0.594391,-0.6396565000000001,0.34910032701657334,-0.28853395440808427,0.6375395157868913,3.10938593794562,0.3097457397277878,1.0018695838499163,0.012903515598411599,0.00016650071479845145,0.9674838548993983,1.0327845903207504,1.0023808263299443,-0.0467136270092408,-0.09160394869647392,1.0019515525956049,3.244576630899777,0.3043214259701672,0.14463047297297296,0.023589232209321416,0.0005564518762252869,0.08586099999999997,0.20196499999999995,0.14319550000000003,0.3712070523381926,-0.04490226449820911,0.1465158898163,0.2703813859083148,0.5460221384810525
hand10_processed.csv,hand,-0.8033836545454545,0.0099188477185131,9.83835400630525e-05,-0.825073,-0.750946,-0.804588,2.6537898815714995,11.340979884228176,0.8034443263444297,0.363136634323075,0.3170013585317799,0.05569055454545455,0.011361635864405535,0.00012908676951534613,0.040146,0.103516,0.0529325,2.0089295951552666,4.0496053230524565,0.056827380011831366,0.1815683171615375,0.41691225735170695,-0.5961084727272727,0.015396879404254535,0.0002370638953891575,-0.671722,-0.537369,-0.5945205,-1.4655823302575128,9.890094272798658,0.5963054754287513,0.363136634323075,0.4327108096570495,1.002139389993789,0.007032015487155126,4.9449241811589544e-05,0.9521514175481754,1.0365136698172388,1.0028542282565938,-2.3242099722960643,26.34137995514469,1.0021638372443762,4.176071294715363,0.1346379152096845,-1.3438015727272727,0.01666727515165273,0.0002777980609809006,-1.38414,-1.257889,-1.3478625,2.045282881541856,7.042359014284191,1.343903991916221,0.09078415858076876,0.5019685220259589
hand2_processed.csv,hand,0.7617866612903226,0.009442707146811455,8.916471826044412e-05,0.738739,0.782547,0.7623825,-0.17049975353311927,0.03596323452181549,0.7618442386062259,0.32268644399538726,0.21591559249921277,0.00017449999999999988,0.011474085682706853,0.00013165464225409838,-0.036346,0.02951,-0.000717,0.347155483511824,1.3505341175345968,0.011382514244764119,0.16134322199769363,0.24570587649053907,-0.6496540161290321,0.017800674847671432,0.0003168640250325223,-0.700562,-0.61496,-0.6496965,-0.5600310482929112,0.6371478388533145,0.6498939097941542,3.065521217956179,0.28309558572732846,1.0013588890045002,0.013476053740071985,0.0001816040244053081,0.9673426263134485,1.0357847382873528,1.0018934487069737,0.19193613709317267,0.2630059508610252,1.0014481012591538,3.065521217956179,0.2931389985892022,0.11230714516129033,0.021033469228005804,0.0004424068277654671,0.048462000000000116,0.15830999999999995,0.11197600000000002,-0.4088195399687486,0.5522774934079622,0.11422856949138593,0.32268644399538726,0.47678323101827713
hand3_processed.csv,hand,0.7629150975609756,0.011230295663148072,0.0001261195406817224,0.719803,0.790741,0.765091,-1.3142856433612105,2.9430246099334623,0.7629967415290683,0.12199640336529337,0.2916950327369854,-0.002448853658536585,0.012360507113455198,0.00015278213610177657,-0.041748,0.047256,-0.0023425,0.2082455088450988,3.6598932237140245,0.012526604630185132,0.24399280673058674,0.273852120091174,-0.6462824390243903,0.016260809604385116,0.0002644139289900632,-0.68515,-0.603546,-0.646446,0.18013000502239418,0.28609580606772855,0.646484478050475,0.8539748235570536,0.2563586532845244,1.0000660349325097,0.011518135165116149,0.0001326674376818852,0.9683185906012546,1.0246259050053341,1.0009206932122954,-0.21153805581734914,0.15566267811141277,1.0001315532307395,4.025881311054681,0.2086049354978603,0.11418380487804879,0.028133630386109047,0.0007915011587021983,0.029357999999999995,0.20239300000000005,0.11442550000000007,-0.08535650257818195,1.1889615429162168,0.11755760291012918,0.12199640336529337,0.6243497321242858
hand4_processed.csv,hand,0.6203670757575759,0.012108308331708069,0.00014661113065571102,0.593552,0.657791,0.6203995,0.3159378146960705,0.18415510824775172,0.6204834392906018,0.15158511387540172,0.3465245975417369,0.004511075757575757,0.010428443920076115,0.00010875244259417247,-0.020691,0.039139,0.0036695,0.8117340047614848,1.713929108584372,0.011289574075359545,0.4547553416262051,0.20150599022284427,-0.7861977575757575,0.015210746990265301,0.0002313668240018649,-0.815491,-0.751312,-0.7880860000000001,0.1293487691223984,-0.7348196791781496,0.7863426576774353,0.15158511387540172,0.30325706754602555,1.0016514850181126,0.012595011357141014,0.00015863431108651115,0.969342978641719,1.028712881083444,1.0023082838601434,-0.16766282951679842,-0.24511451515659877,1.0017294685691884,0.6063404555016069,0.21581145896159926,-0.16131960606060608,0.022064104172146843,0.0004868246929193477,-0.213897,-0.09930399999999995,-0.16144550000000008,0.17573389313261834,0.09785303567385206,0.16279884477709777,0.15158511387540172,0.6296044825849016
hand5_processed.csv,hand,0.734918,0.012080620922808438,0.000145941401880597,0.701813,0.776764,0.733963,0.7689063164606074,1.9108537351439026,0.7350158242710112,0.14710273479352926,0.356235630328154,0.01257575,0.009220126311782496,8.501072920522389e-05,-0.010803,0.038193,0.013199,-0.29214542976702507,0.4412445316523659,0.015553458119829626,0.14710273479352926,0.2264549213554291,-0.6796708235294117,0.020724173010842162,0.00042949134698331876,-0.735275,-0.609573,-0.6803815,0.8419926683434241,2.386807042841639,0.6799820612743485,0.14710273479352926,0.3801365189198911,1.001348362193828,0.01302801567648134,0.00016972919246664356,0.9653091825658761,1.031487140178684,1.0017233574836775,-0.1663881867637079,0.23096957089340586,1.001431862706191,3.3833629002511727,0.2637347999022502,0.06782292647058824,0.03237164626751535,0.0010479234820691403,-0.003661999999999943,0.16209400000000007,0.06453699999999996,0.9190574873389368,1.7052172944282304,0.07504973149626695,0.14710273479352926,0.9096112042576127
hand6_processed.csv,hand,-0.7323311157894736,0.009761229076412192,9.528159308219482e-05,-0.776871,-0.701614,-0.731628,-1.1822434399086579,5.8981281048325656,0.7323954818145726,4.313953748684771,0.1522850692909713,0.027354178947368423,0.008491494853711914,7.210548485061592e-05,0.00531,0.066269,0.027512,1.111100205507095,4.50357083736095,0.028628614804624745,0.1052183841142627,0.19567375678820093,-0.6849594736842105,0.010801746133313606,0.00011667771952855542,-0.70842,-0.647598,-0.685806,0.7212729678532935,1.8635567028630007,0.6850437432184588,0.5260919205713135,0.22600416192913558,1.0032285348271066,0.006372111734042161,4.060380795111779e-05,0.9846827864672968,1.032695104894954,1.0031959634891878,0.5110918254193624,4.488501514661854,1.0032485581802693,4.208735364570508,0.1386813234423537,-1.389936410526316,0.012065208417572486,0.000145569254159462,-1.416382,-1.320129,-1.389938,2.002423492998605,10.292369274237567,1.3899882237821297,3.051333139313618,0.21228884738340265
hand7_processed.csv,hand,-0.7699934606741574,0.005947683710824246,3.5374941524004076e-05,-0.787888,-0.760132,-0.768417,-0.9865774846781196,0.8065000820992836,0.7700161731751067,0.11237232014363226,0.2510888259103288,0.03084779775280899,0.0056100226485926215,3.147235411772217e-05,0.017715,0.049942,0.030945,0.21238746336310133,1.1045566386350298,0.03134813165660037,0.11237232014363226,0.11734588955409272,-0.6406533146067416,0.008159469110954777,6.657693617262513e-05,-0.655884,-0.614075,-0.641159,0.5123896305349014,0.44552027377843473,0.640704688914725,0.11237232014363226,0.29531640213183724,1.00219533881258,0.0038444287657608783,1.4779632535009709e-05,0.9946508233113769,1.0112878475824774,1.0016135160998978,0.3074378444133824,-0.5388924344399708,1.0022026295649549,1.2360955215799547,0.07033953103978309,-1.3797989775280897,0.007305594426965378,5.3371709931307596e-05,-1.403747,-1.3641969999999999,-1.3809049999999998,-0.29790647761564587,0.012324835344811547,1.379818100481132,0.11237232014363226,0.1556651958419576
hand8_processed.csv,hand,-0.7801166333333333,0.009882218503425135,9.765824254943813e-05,-0.809601,-0.759491,-0.777718,-1.5862824163606388,2.2248862395634434,0.7801785274886127,0.4428025921365226,0.2920196058655129,0.024587366666666666,0.006163671728657495,3.799084917865168e-05,0.011368,0.045792,0.0242845,0.6565124205953506,1.291478050558827,0.0253398367838732,0.6642038882047839,0.12571977394268977,-0.6278266,0.0129442502248352,0.00016755361388314614,-0.651321,-0.579315,-0.6310119999999999,1.8586450754395805,3.4541398666770124,0.6279585428789246,0.2214012960682613,0.38813807722011434,1.0018153431806083,0.004335979933819803,1.8800721986487983e-05,0.9890419199311018,1.0219715656621764,1.0019305608069273,0.7185125964246715,4.5369769291997315,1.0018246222054814,3.874522681194573,0.08858270048982621,-1.3833558666666665,0.009983022298219204,9.966073420674182e-05,-1.404953,-1.3479459999999999,-1.3847424999999998,1.1039150635942465,2.568840181645788,1.3833914873360325,0.2214012960682613,0.22927629512042383
hand9_processed.csv,hand,-0.8033836545454545,0.0099188477185131,9.83835400630525e-05,-0.825073,-0.750946,-0.804588,2.6537898815714995,11.340979884228176,0.8034443263444297,0.363136634323075,0.3170013585317799,0.05569055454545455,0.011361635864405535,0.00012908676951534613,0.040146,0.103516,0.0529325,2.0089295951552666,4.0496053230524565,0.056827380011831366,0.1815683171615375,0.41691225735170695,-0.5961084727272727,0.015396879404254535,0.0002370638953891575,-0.671722,-0.537369,-0.5945205,-1.4655823302575128,9.890094272798658,0.5963054754287513,0.363136634323075,0.4327108096570495,1.002139389993789,0.007032015487155126,4.9449241811589544e-05,0.9521514175481754,1.0365136698172388,1.0028542282565938,-2.3242099722960643,26.34137995514469,1.0021638372443762,4.176071294715363,0.1346379152096845,-1.3438015727272727,0.01666727515165273,0.0002777980609809006,-1.38414,-1.257889,-1.3478625,2.045282881541856,7.042359014284191,1.343903991916221,0.09078415858076876,0.5019685220259589
kizyo1_processed.csv,kizyo,-0.0026695505617977526,0.0008461375212108355,7.159487048008171e-07,-0.005157,-0.00087,-0.002747,-0.19782031505013023,-0.20432397238291822,0.0027990006322482033,3.2587972841653365,0.014301320611661868,-0.02353983146067416,0.0009170640559063158,8.410064826353422e-07,-0.026428,-0.021652,-0.023499,-0.22821751399472037,-0.15322582613802016,0.023557487603064538,3.371169604308969,0.01559310554601281,-0.9987424494382025,0.002134110033859307,4.554425636618972e-06,-1.004044,-0.994965,-0.998596,-0.31696446177107496,-0.716465014747012,0.9987447038969142,3.371169604308969,0.09266127456251655,0.9990241500639168,0.0021382587278679427,4.572150387303433e-06,0.9952676697944126,1.0044049919076468,0.9988782481493929,0.3280856798526858,-0.6939258398249177,0.9990264126582654,3.371169604308969,0.09282248448041638,-1.0249518314606743,0.0027275664071407316,7.439618505362599e-06,-1.035629,-1.020049,-1.024857,-0.7796245467787631,1.5830296663440802,1.0249554199290214,3.371169604308969,0.10344691824720857
kizyo10_processed.csv,kizyo,-0.002107190476190477,0.0008368607933091881,7.003359873780837e-07,-0.003906,0.000336,-0.0020215,0.08586388545059516,-0.19503819779662912,0.0022654470545883116,3.2123505633439415,0.013990093813615039,-0.03222903571428572,0.0009417173423729595,8.868315529259898e-07,-0.034897,-0.02832,-0.032211,0.4807720618409665,2.658247290418812,0.032242627329470884,0.11897594679051635,0.01749997656008684,-0.9993573333333333,0.002079259259513605,4.323319068273065e-06,-1.003922,-0.994919,-0.999374,-0.11540104622558482,-0.44842514198783245,0.9993594706301108,3.2123505633439415,0.072122091601333,0.999879880268647,0.002085089115105234,4.347596617930328e-06,0.9954010196327909,1.0044741098614738,0.9998954984973475,0.11768958518508052,-0.44439271927452006,0.9998820284441357,3.2123505633439415,0.0723086367183807,-1.0336935595238097,0.0025299999778617545,6.400899887980477e-06,-1.039658,-1.02681,-1.0337445,-0.07609442089301917,0.4463453591593778,1.0336966187908823,3.2123505633439415,0.06614324685202536
kizyo2_processed.csv,kizyo,-0.0029202210526315785,0.0010124109751137604,1.0249759825307951e-06,-0.005432,-0.000366,-0.002991,0.0747659345568775,-0.1447376995735392,0.0030889930006224903,3.370931320636308,0.02661641455043822,-0.023547231578947368,0.0010064915728540422,1.0130252862262037e-06,-0.026138,-0.02095,-0.023621,-0.0829671022512338,0.21693460434922374,0.023568506038668145,3.370931320636308,0.01993773692281777,-0.9988854421052631,0.002569661575183432,6.603160610974199e-06,-1.003693,-0.992386,-0.998932,0.1506773728388267,-0.5894166138857657,0.9988887125718682,2.001490471627808,0.07301606450786002,0.9991682248294179,0.00256991636133581,6.604470104261489e-06,0.9926819945566656,1.0039679530353545,0.9991972347139478,-0.14763785582067868,-0.5902234244053193,0.9991714950188165,2.001490471627808,0.07293044557672548,-1.0253528947368422,0.002895155691523949,8.381926478163515e-06,-1.033355,-1.017975,-1.02539,0.03935406367442281,0.0050771933249689205,1.025356939041666,2.001490471627808,0.07485857781193352
kizyo3_processed.csv,kizyo,-0.004714528571428572,0.0009173757898220079,8.415783397515529e-07,-0.00766,-0.00264,-0.0047150000000000004,-0.5470680118650582,1.2604208218568607,0.004801701307126168,0.2858385633505251,0.012668779515365753,-0.021145185714285718,0.0009159682022969175,8.389977476190466e-07,-0.023285,-0.018707,-0.0211255,0.14948121706465892,0.07774388170498092,0.021164732243927464,2.4296277884794635,0.01579179671859861,-0.9982245,0.0020315588628054726,4.127231413043466e-06,-1.003265,-0.993668,-0.9981154999999999,-0.3893858141327473,0.07913452903954932,0.9982265377514338,3.430062760206301,0.039147591239876024,0.9984603966637948,0.0020292906286347116,4.118020455464662e-06,0.9939101491890502,1.0034889300086973,0.998357056930874,0.38982011755798673,0.08417950698190513,0.9984624293871123,3.430062760206301,0.03917566075470969,-1.0240842142857143,0.0023527716611792195,5.535534489648025e-06,-1.0295400000000001,-1.018218,-1.024376,0.24386185039410763,0.03403081355046744,1.0240868783480308,3.430062760206301,0.03729679734590789
kizyo4_processed.csv,kizyo,-0.004584622448979592,0.0009579183779802386,9.176076188722912e-07,-0.007019,-0.001617,-0.0046155,-0.01814405390126707,0.5883542662035826,0.004682628244427504,3.8795507888560268,0.018803283189274243,-0.021217969387755102,0.0010671254523306958,1.1387567310119924e-06,-0.024124,-0.01857,-0.0212245,0.08992490877740661,-0.15110258912827357,0.021244513684810055,3.2669901379840227,0.02682003613731688,-0.9990840612244897,0.0017413462845772049,3.0322868828108357e-06,-1.002457,-0.993881,-0.999336,0.5932517288213305,0.39118621884479854,0.999085563271735,3.471177021608024,0.04394012871590708,0.9993208777100453,0.0017416754014972944,3.033433204180762e-06,0.9940926724380378,1.0026972774297336,0.9995683774129449,-0.5962594349971617,0.4094115971657648,0.9993223799690366,3.471177021608024,0.04426803817784794,-1.0248866530612244,0.0022016681871316842,4.847342806227717e-06,-1.029389,-1.017639,-1.0252,0.469949529019067,0.34145763024834963,1.0248889937467196,3.471177021608024,0.06767255068257458
kizyo5_processed.csv,kizyo,-0.003862349397590361,0.0008742528856914779,7.643181081398762e-07,-0.005676,-0.001099,-0.003815,0.12169808893942749,0.002573519135665947,0.003958895341544306,1.205260225971594,0.013175004307809575,-0.021292614457831326,0.0010336808705918121,1.0684961422274466e-06,-0.024643,-0.019119,-0.021225,-0.46337557350169567,0.6879956490217833,0.021317388516058397,3.3747286327204638,0.0193858561591749,-0.9988294216867469,0.0021685212513537244,4.702484417572723e-06,-1.003983,-0.993301,-0.998688,0.1329254136323567,-0.1447559927435722,0.9988317473203684,3.254202610123304,0.06514691626815333,0.999064712490733,0.0021726687987335736,4.72048970899039e-06,0.9935325411993309,1.004243680012974,0.9989225255228756,-0.1271086154428949,-0.14522652404088232,0.999067046479129,3.254202610123304,0.06549176697355517,-1.0239843855421689,0.0028074624200135627,7.88184523978841e-06,-1.030151,-1.0177,-1.023987,-0.023274472798720823,-0.3156917001440185,1.0239881877821744,3.254202610123304,0.07694833901853827
kizyo6_processed.csv,kizyo,-0.0024108584070796457,0.0007316689076944065,5.353393904867259e-07,-0.004425,-0.000168,-0.002472,0.2864653504657528,0.2718921756603305,0.002518499579659159,1.8541029121713344,0.015683670386962452,-0.032481646017699116,0.0009669943115539774,9.350779985777508e-07,-0.034729,-0.030441,-0.032486,-0.1828283654794271,-0.4925188287921949,0.032495909450131574,3.7082058243426688,0.022730512401855935,-0.9997207256637167,0.0022236577261341775,4.944653682996221e-06,-1.00589,-0.994751,-0.999771,-0.1730525069003612,-0.18858250725210146,0.9997231767930932,0.17658122973060328,0.08294945018235092,1.0002518809160732,0.00223068312106398,4.975947186599737e-06,0.9952711900276227,1.0064175536525581,1.0002657955433645,0.16665857769123346,-0.19178875934099793,1.000254346248192,0.17658122973060328,0.08246815932403176,-1.0346132300884956,0.0026572989979382795,7.061237964443785e-06,-1.04129,-1.0290380000000001,-1.034531,-0.09911352551862548,-0.4668549049981796,1.0346166123851304,0.17658122973060328,0.06395774573378603
kizyo7_processed.csv,kizyo,-0.0023598467741935488,0.0008550705390419419,7.311456267374772e-07,-0.00415,-0.000656,-0.0023115,-0.05686218990177351,-0.7409016712444907,0.002508809695594641,3.224233654708168,0.025824446308424755,-0.0323829435483871,0.0009847768869711095,9.697855171125096e-07,-0.035721,-0.03006,-0.032364,-0.13550873406233674,0.3716292573040847,0.0323977930965088,3.4660511788112807,0.025955810822076247,-0.999705822580645,0.0021768567032484864,4.738705106477869e-06,-1.004807,-0.994156,-0.9997940000000001,0.1888913026601092,-0.3891298514073753,0.9997081735143447,3.224233654708168,0.07220485825711147,1.0002337849718952,0.002181072979047215,4.757079339929892e-06,0.9946434631610466,1.005329822813389,1.0003321620819023,-0.19956541543044068,-0.37851525056198554,1.0002361437755587,3.224233654708168,0.0714992526691222,-1.034448612903226,0.0026374525240120653,6.9561558164176146e-06,-1.0403900000000001,-1.026001,-1.034599,0.41932270322882037,0.38592613232796014,1.0344519480358638,3.546657020178985,0.08011062221576096
kizyo8_processed.csv,kizyo,-0.0022615,0.0007300129450907018,5.329189000000001e-07,-0.004257,-0.000702,-0.002266,-0.08375676572369838,-0.16776854350218384,0.002375347051108016,1.7829437966067763,0.014980179293744159,-0.03247616981132075,0.0008849133987404874,7.830717232704409e-07,-0.034714,-0.029755,-0.032455,0.16664480434896997,0.2771544678306741,0.03248810997685037,4.879635653871177,0.02103293859955153,-0.9985186132075473,0.0020017654473263344,4.0070649061096e-06,-1.002716,-0.994339,-0.9984435,-0.03669382543463454,-0.7500568168706288,0.9985206007811407,3.2843701516440618,0.06452290317987606,0.9990498248122579,0.0019987443278089868,3.994978887948598e-06,0.994840370432865,1.0032913630850213,0.9989598398137021,0.03864069668611489,-0.732504044041923,0.9990518053373465,3.2843701516440618,0.06405294232320029,-1.0332562830188678,0.0021683323930515156,4.701665366756512e-06,-1.039825,-1.027298,-1.0332189999999999,-0.05696268762224615,0.4718853994888135,1.03325853672157,4.879635653871177,0.06896886347982603
kizyo9_processed.csv,kizyo,-0.0024411078431372545,0.0008222739528899371,6.761344536012424e-07,-0.004395,0.000198,-0.00251,0.26680662499609437,0.20336980313798447,0.0025745899064267518,2.253563210362316,0.020037329455273152,-0.03208623529411765,0.0015731939522561295,2.4749392114152607e-06,-0.034256,-0.019196,-0.032158,5.3834669003448665,42.329110120361634,0.03212440148004286,4.899050457309382,0.038611550847653615,-1.0005590196078433,0.0019716378976910977,3.887355999611772e-06,-1.004517,-0.994659,-1.0007625,0.28209332238935303,-0.27923035798202056,1.000560943153027,0.09798100914618765,0.07198951942227276,1.0010778889032161,0.0019761789090672597,3.905283080642265e-06,0.9952010340036831,1.0050519604284152,1.0012930129111084,-0.27548921113304065,-0.2978824936288875,1.0010798203174969,0.09798100914618765,0.07143626411576876,-1.035086362745098,0.0029769215037334243,8.862061639390473e-06,-1.0404820000000001,-1.018159,-1.0354765,1.8490775954783434,8.608527330674093,1.0350906015994732,4.899050457309382,0.11995241317960335
kudari1_processed.csv,kudari,-0.9653796116504856,0.529752518212028,0.280637730551985,-2.363327,-0.083588,-0.771011,-0.692940991643449,-0.612771624724799,1.09994131069877,1.9423188430634941,15.885960120682995,0.44225053398058256,0.4594551862624334,0.21109906818344737,-0.195419,1.981552,0.301178,1.0802420728013857,0.6606495647323558,0.6361093439599937,1.9423188430634941,12.871335538299308,-0.06720500970873784,0.18213672841122142,0.03317378783634303,-0.71402,0.472244,-0.055573,-0.28397356046933886,1.8736620424027546,0.1933086277335624,0.9711594215317471,6.075680927668993,1.1137377839281435,0.6445900273466599,0.41549630335476784,0.18506897003279615,3.0201086940163266,0.8851305510222771,0.8631133023452094,-0.18401238687257226,1.285252586074494,1.9423188430634941,19.881233521621997,-0.5903340873786407,0.3833559678057669,0.1469617980522962,-1.644409,0.25586,-0.559845,-0.40890559451400355,-0.006002009553176535,0.7028721926496636,0.9711594215317471,13.556077789646807
kudari10_processed.csv,kudari,-0.6905865035460992,0.30226803132855035,0.09136596276323748,-2.014374,-0.214371,-0.653061,-1.333654045430288,2.7282187273054843,0.753410708771618,2.1262926720360618,15.284358304525625,0.734281914893617,0.33958688290115285,0.11531925103852131,-0.18399,1.754974,0.72879,0.472304094610536,0.41147985450940094,0.808499421490032,1.9845398272336578,18.532635326358537,0.15205395744680855,0.1414348933007629,0.020003829042998182,-0.190414,0.663406,0.141022,0.7631438282363717,1.5847734324434697,0.20732188473547483,0.14175284480240413,4.5324330190138,1.0430627219420967,0.42137967355830064,0.17756082928810002,0.40806010437801926,2.3773292430290343,1.0083553450698814,0.7254039925378618,0.3715569480982168,1.1244026745484634,2.1262926720360618,23.992574793773752,0.1957493687943262,0.3043188352242105,0.09260995347222016,-1.4202420000000002,0.8276209999999999,0.21543899999999988,-1.8631019295391087,7.459110479165393,0.36093068680141793,1.9845398272336578,9.157564905784625
kudari11_processed.csv,kudari,-0.7490577714285714,0.3096818045825446,0.09590282008950134,-1.715179,-0.095139,-0.6789475,-0.7726996191419233,0.3293841814903713,0.8101267461845355,1.9273235212555075,16.00152549198619,0.6488003785714286,0.30309246291406866,0.0918650410753161,-0.052505,1.525345,0.6384125,0.361031545021091,-0.08925112460658768,0.715647115165653,1.9273235212555075,16.979016665701923,0.1043291357142857,0.15672903297102234,0.02456398977603181,-0.431046,0.594437,0.0951005,-0.21418947969917856,1.6369124295849513,0.18781134487855852,0.14276470527818574,5.289645861871941,1.0221964026951171,0.39998314305758004,0.15998651473022055,0.2966520109707669,2.304716549056955,1.0016438290616287,0.5205865546037166,-0.12149924517416988,1.0971459518193363,1.9273235212555075,23.310633989320166,0.004071742857142852,0.3023958044067357,0.09144322252279674,-1.474411,0.637558,0.045631000000000026,-1.7108859959576814,5.3624108330224605,0.3013413939994447,0.14276470527818574,9.187607772392255
kudari12_processed.csv,kudari,-0.7189547185185187,0.29802034232959423,0.08881612444224855,-1.874252,0.049789,-0.698349,-1.093982641177779,1.945723198357551,0.7778522446481723,1.9244897395531253,12.877129032304692,0.696345562962963,0.31854950248879665,0.10147378553585985,-0.188171,1.71196,0.667542,0.5166643349962899,0.5557231116570551,0.7652576500260744,1.9244897395531253,14.247033101279278,0.10564135555555557,0.1532048069955031,0.023471712886529352,-0.537949,0.514771,0.096252,-0.3127384961211778,2.474892016895751,0.1856285116846128,0.14803767227331732,4.468899216703215,1.0319725160377011,0.40169554399987206,0.16135931006935314,0.21106037661768728,2.2962158480129866,1.0119717571044164,0.7379144619275891,0.5066070260179028,1.1068565082149873,1.9244897395531253,19.580562617261307,0.0830322,0.2873192481086646,0.08255235033372836,-1.379364,0.825271,0.10069299999999998,-1.8795778037723583,7.467271771187555,0.29805234050281737,0.22205650840997598,9.966424971854812
kudari2_processed.csv,kudari,-0.97506965625,0.5472748526141585,0.29950976430384896,-2.602539,-0.259506,-0.7751005,-0.8768778048870061,-0.10471269472109634,1.1167590185286964,1.9797918640974344,18.10566123121079,0.46250938541666664,0.4590675299787689,0.21074299708080788,-0.115417,1.828934,0.3430175,1.0298418522305448,0.540269282655299,0.6499712986943235,2.083991435892036,14.593980750660174,-0.015451885416666667,0.23426918304188676,0.05488205012311305,-0.669342,0.527802,-0.0292665,0.021837686072866107,0.2878363350703821,0.23355753651707983,0.9377961461514163,5.815425644517617,1.1426019997085197,0.6504073704904436,0.42302974758829315,0.3825754466990792,3.1873068252681604,0.9155471623732844,0.9534958494220863,0.08385599247481723,1.3130736907940428,1.9797918640974344,22.391159600867145,-0.52801215625,0.45072621142685604,0.20315411766720695,-1.619247,0.261963,-0.466996,-0.4920572296769053,-0.41606634719601043,0.6927010654599004,0.9377961461514163,10.57784874227869
kudari3_processed.csv,kudari,-0.9471822641509432,0.4881732347289238,0.23831310710570097,-2.265579,-0.192245,-0.7977675,-0.7427877063347955,-0.4979651718566971,1.0645276472540866,2.0760648595016367,19.884348005323307,0.42950610377358495,0.4305289938761146,0.18535521456797954,-0.132736,1.769897,0.31501,1.0542699549867143,0.5150900435677817,0.6066976789530739,2.0760648595016367,18.490422061663736,-0.040537396226415084,0.18727446552910768,0.035071725439212935,-0.513931,0.411789,-0.0425565,-0.20233711395520707,-0.007509656447028501,0.19074627282780157,0.9436658452280167,5.705909899058237,1.0905125850754476,0.5931158125674617,0.35178636711756034,0.34233693976256785,2.8766187330160737,0.8889452819621192,0.8961076278905504,-0.12742368254449055,1.2400344051731251,2.0760648595016367,25.45772274346422,-0.5582135566037736,0.3710180317869579,0.1376543799110681,-1.707794,0.20492600000000002,-0.541023,-0.401889383635636,-0.010991797935470782,0.6692967417085837,0.9436658452280167,11.704303114521371
kudari4_processed.csv,kudari,-0.9364779514563105,0.5027204459094337,0.2527278467353798,-2.54599,-0.193268,-0.805298,-0.9418919719996554,0.42102638739576825,1.0617274282433704,2.0296814859315213,20.31088011528306,0.4907856310679612,0.49622043085286566,0.24623471599580363,-0.269196,1.826157,0.375214,1.086827552480651,0.30821032637957746,0.6962144952153336,2.0296814859315213,19.210823147943735,-0.040192708737864076,0.2101482987875621,0.044162307483306476,-0.64624,0.487839,-0.031708,-0.09353492211126953,0.4301608271222732,0.21295304893841047,0.9665149933007244,7.1994614570599795,1.1197452011300268,0.638322267903567,0.4074553177015532,0.31095536099253857,3.134555265520932,0.9065328668537065,1.075918264409416,0.45994874780940576,1.2873728116922418,2.0296814859315213,26.327478660706316,-0.4858850291262136,0.3944988893534767,0.15562937370112664,-1.5187070000000003,0.25721700000000014,-0.49787900000000007,-0.2589147072652516,-0.451328847788961,0.6246620449786374,0.9665149933007244,17.72019754453329
kudari5_processed.csv,kudari,-0.6873768767123287,0.33087373190706576,0.10947742646610883,-1.498489,0.137253,-0.7281035,0.17923359033052721,-0.17352654938571943,0.7623742858453127,0.06845538219820146,12.079369642415296,0.6176098219178082,0.398721347536341,0.15897871298119562,-0.334717,1.588623,0.6622775,-0.23672576933197215,-0.1637979629945745,0.7343920681871167,0.13691076439640293,15.551233229957093,-0.36969687671232876,0.28150588372720203,0.079245562573033,-1.218857,0.073395,-0.28615599999999997,-0.9134271212061594,0.08414187644696725,0.4640889628056684,0.06845538219820146,15.542059365734604,1.0922297208458165,0.37940082816405846,0.1439449884115734,0.26608748728190884,2.1465951983254783,1.0606233457107423,0.122246019176568,-0.39338180750100316,1.1558221432955602,1.7113845549550366,18.716740818196293,-0.43946393150684926,0.442782753067144,0.1960565664137194,-1.6922760000000001,0.574798,-0.40264950000000005,-0.21401872042357503,-0.3745324133460244,0.6227698293226492,0.13691076439640293,20.19135798375437
kudari6_processed.csv,kudari,-0.6817371721311476,0.3842070320502405,0.1476150434768545,-1.750061,0.019989,-0.5697019999999999,-0.6840481654267876,-0.34378438758828,0.7817740440622644,2.0479955370622878,14.188351690852068,0.5494505819672132,0.5198051309750106,0.27019737418794787,-0.287521,2.271637,0.4115605,1.1296862690405862,0.6955508672619377,0.7549030292936609,2.0479955370622878,16.552480072688603,-0.4504624508196722,0.31488333747507147,0.09915151621943974,-1.403183,0.071457,-0.361069,-0.9191220545165194,0.4296601035775858,0.5488672138794995,1.8841558940973047,9.193485877713643,1.043057882479663,0.6305502965157102,0.39759367643605,0.2541615152791626,2.894247170110217,0.8405893494149772,1.0450498392028333,0.24780020897193245,1.2174992640975426,2.0479955370622878,23.12455346156212,-0.5827490409836066,0.34431602347575313,0.11855352402215538,-2.068206,0.3025670000000002,-0.5274955,-1.345849938846204,3.114378126502209,0.6761495534218489,0.16383964296498302,13.291948048645242
kudari7_processed.csv,kudari,-0.6164557410071942,0.3092423210963812,0.09563081315707736,-1.483704,-0.054337,-0.5513,-0.7334743689992858,-0.004914482459275948,0.6891737823773076,1.7976492999849416,14.092999574408243,0.4157053021582734,0.41288669044362253,0.17047541914548778,-0.410141,1.782394,0.363647,0.6871463699200038,0.5986624669802856,0.5848588509406634,1.7976492999849416,17.250543910472132,-0.5961962302158273,0.36134259568649524,0.13056847145745396,-1.75087,0.084991,-0.554596,-0.6445313679712902,0.2467464456914481,0.6964761839860292,0.14381194399879532,15.40686169422106,1.0322259790955568,0.4881839188375376,0.2383235386115755,0.35104095376750555,2.1889279298263795,0.9208092788607205,0.8537231397779836,-0.3064398492388736,1.141095724599658,1.7976492999849416,25.969897633900587,-0.7969466690647481,0.4145746920268067,0.1718721752691216,-1.8851779999999998,0.526657,-0.779876,-0.03734504888522173,0.5709820054699906,0.8976411744861958,0.14381194399879532,19.040011902807084
kudari8_processed.csv,kudari,-0.7257038333333332,0.4056858563552018,0.16458101404665343,-2.089951,-0.217834,-0.5832900000000001,-0.969367540960163,0.13620514975107767,0.8305319829215942,2.0162948274551242,15.40485407002186,0.5801865526315789,0.5412245799208305,0.2929240459104795,-0.216507,2.120911,0.44244399999999995,0.9472846244099521,0.12241992743825003,0.7918149863385652,2.0162948274551242,18.900193735890138,-0.3562207192982456,0.2925314254868558,0.08557463489737185,-1.090179,0.241241,-0.2848435,-0.6741683721761198,-0.05315456741389202,0.4601273530911297,0.08766499249804888,12.831687815728305,1.059100170383597,0.640607653618568,0.4103781658746871,0.26128734592781183,2.9076264690943368,0.8518268822121517,0.9069570943139746,-0.15352889778186984,1.2363136852387693,2.0162948274551242,24.092336565576193,-0.501738,0.4161353116413573,0.17316859759484957,-1.7667390000000003,0.5227649999999999,-0.48105600000000004,-0.4461332758658853,0.1162392420245415,0.6506847127856392,0.08766499249804888,24.062181817135873
kudari9_processed.csv,kudari,-0.7770165491803278,0.3171362540041533,0.10057540360378683,-1.980286,-0.148865,-0.7661745,-0.7913560070316614,1.098835930991787,0.8387524859872322,1.96591333734098,12.25869700837093,0.5781721885245902,0.34090556046204257,0.11621660115393935,-0.614487,1.406006,0.5874405,-0.5407483318576775,1.33070222817192,0.6704827258370106,1.96591333734098,9.811476946987172,0.04173977868852459,0.19975845126736377,0.03990343885273574,-1.227798,0.374222,0.0724335,-3.2841163176759895,16.353757755004164,0.2032696991931099,0.16382611144508166,7.005236883874851,1.0227338838627698,0.3867985637602267,0.14961312892697418,0.3758365334357478,2.1487094042955186,1.025209898719225,0.44296389596636665,-0.19813038824605966,1.0928729976560165,1.96591333734098,17.665168334911623,-0.1571045819672131,0.3928853796610225,0.15435892155138578,-2.33081,0.568284,-0.06497950000000002,-2.757908004186727,10.479312401604908,0.4216343607494318,0.16382611144508166,16.383266110618155
nobori1_processed.csv,nobori,-1.0098712072072071,0.31388704984040233,0.09852508005751122,-1.662125,-0.414505,-0.995224,-0.034834888288983415,-1.0004289637025958,1.0571079991513648,1.802457240798456,12.367758211913259,0.5046493783783784,0.20996596097181847,0.044085704766819195,0.143372,0.995056,0.479675,0.459731547195697,-0.5193977896921336,0.5462229685330799,0.901228620399228,8.862591562455199,-0.013042585585585584,0.10389218538889844,0.010793586184881243,-0.336182,0.249786,-0.015106,-0.18531309863350803,0.5845741358987167,0.1042422932808918,0.8111057583593052,2.6402711645150325,1.157305750662427,0.2968851114498989,0.08814076940061888,0.6057057774291079,1.7997737952362236,1.1691255088128905,0.043729868978183685,-0.9410769434852613,1.1944468631677807,1.802457240798456,12.586265127432698,-0.5182644144144144,0.40678921129743634,0.1654774624279903,-1.270569,0.5130000000000001,-0.5785820000000002,0.482507256081485,-0.28743785201843197,0.6577116980307591,0.901228620399228,19.9971846866934
nobori10_processed.csv,nobori,-0.7383540133333333,0.24900355807271574,0.06200277193287231,-1.511993,-0.304245,-0.6856845,-0.7219521400800705,0.09035655027232936,0.7789454853360578,1.7987927565392354,12.890923338526767,0.6687813666666667,0.20451643353367593,0.04182697158533449,0.098251,1.12941,0.6605300000000001,0.06303630644994893,-0.3484088004072472,0.6991542329905707,1.7987927565392354,9.331703757137685,0.13949041333333334,0.11841631986146468,0.014022424809532716,-0.479172,0.464417,0.13978600000000002,-1.1155967992210036,4.686975539256156,0.18271977832017344,0.06662195394589761,4.5493363713228145,1.0248726948378506,0.2812875252804944,0.07912267187842476,0.4989223775237988,1.681462072738782,0.989705489811777,0.37272490807797265,-0.6353268078229863,1.0625249305420712,1.7987927565392354,15.784142020948142,0.06991776666666666,0.2746395894864165,0.07542690411326736,-1.275207,0.5351560000000001,0.10779600000000004,-2.329561082172316,7.913865178638103,0.2825111540833388,0.06662195394589761,10.08021780149613
nobori11_processed.csv,nobori,-0.7167618951048951,0.25324959673793274,0.06413535824792556,-1.720001,-0.312759,-0.693665,-0.8638179432517761,1.1343685647221422,0.7598910931926756,1.8170301793357604,13.222633547729657,0.7037676853146854,0.2085235988124511,0.04348209126169606,0.037933,1.332748,0.701752,0.21070805958624786,0.455746790224806,0.7338030904722482,1.8170301793357604,9.287913163777963,0.16989625874125872,0.11830845118055786,0.013996889620742442,-0.258408,0.522827,0.175934,-0.15642011116871515,1.0435119305967397,0.2067939747865517,0.06988577612829848,4.462376743605277,1.040661401741114,0.27608343932819407,0.07622206547128463,0.5653545040883641,1.8028106151620586,1.0223001448004398,0.39706476367708493,-0.410061203526368,1.0764131163768875,1.8170301793357604,16.02749073637281,0.15690204895104895,0.2934075158334941,0.08608797034758209,-1.2105869999999999,0.8818670000000001,0.17713900000000005,-2.1416768892613676,7.684660171853956,0.3318195436287095,0.13977155225659696,11.055504596312934
nobori12_processed.csv,nobori,-0.7314600476190477,0.24568660726294064,0.06036190898837444,-1.650177,-0.34671,-0.678421,-0.9786803793006985,1.1320178425613907,0.7713527630209284,1.7674968686995676,9.678270137423475,0.6703209931972789,0.22497435470151478,0.050613460273362984,0.043823,1.354691,0.653549,0.3721699651265173,0.25618497134795426,0.7068234467961494,1.9034581662918422,8.683041114294399,0.181992081632653,0.11605585827679336,0.013468962240363145,-0.196198,0.443481,0.184769,-0.6925414791211864,1.2425012391065433,0.215635002779877,0.06798064879613722,3.9837538954329603,1.0300623178001915,0.28390643641851104,0.08060286463985805,0.5647965651480186,1.764645001099938,0.9868297383079819,0.5842958544602267,-0.26975829635964876,1.0682148306331862,1.7674968686995676,12.350483903674519,0.12085302721088434,0.2971093659239163,0.0882739753197116,-1.5094150000000002,0.583694,0.161179,-3.009898154718073,11.82509103562814,0.3198107663482875,0.27192259518454887,10.618538411640843
nobori2_processed.csv,nobori,-0.9345850877192983,0.25374305632271443,0.06438553863199224,-1.597778,-0.330093,-0.934303,-0.1907623717395659,-0.3066362134916947,0.9681270781218156,1.8425944475244942,11.664879302285453,0.5029027894736842,0.20744758580901992,0.04303450085799068,0.136536,1.166092,0.4809035,1.0048792553073036,0.9743455833125938,0.5436618626470338,1.8425944475244942,8.430378072422966,-0.05841763157894737,0.09547053947890963,0.009114623908394041,-0.320862,0.174438,-0.058899,0.09152971590543728,-0.3369583443581461,0.11156742690582214,0.7896833346533547,2.304856966384079,1.0864700796476772,0.25581706934746107,0.06544237296952371,0.637094682034782,1.6879445333117435,1.1035469603793746,0.09149792132036882,-0.8625816564536328,1.1159236313636844,1.8425944475244942,13.427561215353158,-0.49009992982456146,0.31788524616070163,0.10105102972664987,-1.116149,0.319291,-0.49246249999999997,0.31811312139419806,-0.2361677791532366,0.5834059979115985,0.9651685201318779,11.551934840500492
nobori3_processed.csv,nobori,-0.9535858571428573,0.30861320184672136,0.09524210835408518,-1.640396,-0.319855,-0.960983,-0.03930850240815184,-0.7781155134180437,1.0018288414686174,1.810045938159817,14.677928346314292,0.5473979428571428,0.22350209362437187,0.049953185854477486,0.146851,1.048691,0.52829,0.295804048386585,-0.703248056651284,0.5908654238246843,1.810045938159817,8.183754358087207,-0.0811334761904762,0.12637881948630408,0.015971606014751834,-0.625946,0.212692,-0.085129,-0.5156726046855331,2.184288291336485,0.14967343264597285,0.09526557569262195,2.4079575219181772,1.1291711541272915,0.3179947669601207,0.10112067181402147,0.512866481756217,1.934513065147403,1.1524986487562578,0.09693528736099513,-0.8071815381103415,1.1726828697946878,1.810045938159817,16.38016751298717,-0.48732139047619044,0.36786907400364327,0.13532765560829796,-1.290771,0.649628,-0.5339510000000001,0.6556347779604409,0.3371065963316586,0.6095251909549174,0.9526557569262195,12.264099126183815
nobori4_processed.csv,nobori,-0.8445903304347825,0.2607411063504127,0.06798592454083724,-1.577087,-0.318649,-0.817139,-0.27893008536483066,-0.750413213867775,0.8835878953744463,1.7397408701756527,12.174636563100368,0.633432547826087,0.23523799462650372,0.055336914115898986,0.161346,1.146301,0.59935,0.36600145784063415,-0.4855964368797516,0.6753462195080515,1.7397408701756527,10.901646261771926,-0.03112913913043478,0.11126177043177073,0.01237918155961205,-0.421738,0.269791,-0.018463,-0.8324044960042313,2.144079840742995,0.11506763144157402,2.609611305263479,3.2426890285878636,1.078607116652361,0.29568153904097844,0.08742757252964165,0.5963107406294138,1.8165677538979932,1.0964420298647803,0.3005829240322015,-0.8104328924985227,1.1180611096275708,1.7397408701756527,15.93783972573811,-0.24228692173913044,0.2833999872131988,0.08031555275244125,-0.8868560000000001,0.430801,-0.2716369999999999,0.4814232260836503,-0.1407217311833282,0.371914115203193,0.8698704350878264,13.279265966901761
nobori5_processed.csv,nobori,-0.6262096666666669,0.2909675406724147,0.08466210972495332,-1.192947,0.277573,-0.63884,0.3652009202987421,0.17755122664797662,0.6899396697743593,1.8439246989405182,10.89795710916381,0.6539616203703704,0.3775441955966034,0.14253961962868633,-0.252823,1.577972,0.6713485,-0.1073801401097495,-0.13442308558059057,0.754245059150717,1.8439246989405182,12.303558148595018,-0.11215539814814815,0.33692818115310424,0.11352059925513902,-1.49884,0.39064,0.0002365,-1.953529430705807,3.867479949096233,0.35362171303405404,0.09219623494702592,14.178804359568845,1.022268800092075,0.35508396709567974,0.12608462368840576,0.36961207674804136,1.7480297772386486,1.0063337528289031,0.05618345441083536,-0.9561762112079224,1.0816425810362493,1.8439246989405182,18.53876928979575,-0.08440344444444445,0.4945632850601835,0.2445928429295203,-1.5140829999999998,1.360626,0.016051999999999976,-0.9891954796732414,1.7900734583194673,0.499451735223698,0.18439246989405184,21.80388037206386
nobori6_processed.csv,nobori,-0.6590482677165356,0.24688266990969066,0.06095105270173728,-1.329727,-0.180984,-0.674927,-0.2945886734828694,-0.2665845571182053,0.7034314055635211,1.7313216192229162,16.037551545110308,0.7649442677165353,0.2979200996249878,0.08875638576056265,0.194702,1.466797,0.755432,0.1865082678241561,-0.6015086549023931,0.8204859836058945,1.7313216192229162,19.231710140091636,-0.03106314173228346,0.13094015164374787,0.01714532331248769,-0.706818,0.224228,-0.02269,-1.4058946218986257,4.907311848475425,0.13407177011213062,0.31478574894962114,4.294153206864101,1.0320119173152318,0.34914104893257525,0.12189947204973889,0.3743907353901803,1.905691550528049,1.0585646329695697,0.025550949322659795,-0.704376092834242,1.0890308678672995,1.7313216192229162,24.428698331860826,0.07483285826771652,0.2863000140065009,0.0819676980201226,-1.2035529999999999,0.6403360000000001,0.1295619999999999,-1.6410853429669583,4.7175214535768575,0.2948257786415537,0.07869643723740528,10.676536023573513
nobori7_processed.csv,nobori,-0.5112850615384616,0.3004328379370003,0.09025989011087988,-1.096466,0.520798,-0.5395810000000001,0.6169198967909287,0.42458686050312,0.5924339603839921,0.0764018857643742,12.060056513373212,0.6348909846153846,0.40173976389132454,0.16139483789145717,-0.348846,1.371719,0.6734085,-0.32031274283773015,-0.6125174967002245,0.7504931055541673,0.0764018857643742,20.32195775142522,-0.3160507,0.3927770773075462,0.15427383245825813,-1.673065,0.201355,-0.17601,-1.4671733786285948,1.7532748869868628,0.5029663563704909,0.0764018857643742,24.358482842720644,1.0214270293164331,0.3533273092435689,0.12484018745730059,0.22274074529371585,1.9263355634086705,1.0216523273742173,-0.07152248968277743,-0.763743457677065,1.0803670924927358,1.7572433725806067,22.19287433541646,-0.19244477692307696,0.534834575357308,0.286048022997632,-1.753631,0.6294259999999999,-0.009117000000000028,-0.9044597030814864,0.16811519192621027,0.566465043718437,0.0764018857643742,36.5313661701384
nobori8_processed.csv,nobori,-0.6873768767123287,0.33087373190706576,0.10947742646610883,-1.498489,0.137253,-0.7281035,0.17923359033052721,-0.17352654938571943,0.7623742858453127,0.06845538219820146,12.079369642415296,0.6176098219178082,0.398721347536341,0.15897871298119562,-0.334717,1.588623,0.6622775,-0.23672576933197215,-0.1637979629945745,0.7343920681871167,0.13691076439640293,15.551233229957093,-0.36969687671232876,0.28150588372720203,0.079245562573033,-1.218857,0.073395,-0.28615599999999997,-0.9134271212061594,0.08414187644696725,0.4640889628056684,0.06845538219820146,15.542059365734604,1.0922297208458165,0.37940082816405846,0.1439449884115734,0.26608748728190884,2.1465951983254783,1.0606233457107423,0.122246019176568,-0.39338180750100316,1.1558221432955602,1.7113845549550366,18.716740818196293,-0.43946393150684926,0.442782753067144,0.1960565664137194,-1.6922760000000001,0.574798,-0.40264950000000005,-0.21401872042357503,-0.3745324133460244,0.6227698293226492,0.13691076439640293,20.19135798375437
nobori9_processed.csv,nobori,-0.6404003728813559,0.20263815522899467,0.041062221954610144,-1.554001,-0.212677,-0.606506,-1.0796678758016234,2.040052399102101,0.6715227990073339,1.8067803667905298,8.652046894782382,0.704832581920904,0.23920457374666612,0.05721882810132423,-0.327942,1.223099,0.746155,-1.309714911564968,3.4621882546665734,0.7440998094498819,1.8067803667905298,9.095623060898982,0.22353864406779658,0.1546574210328666,0.023918917880537363,-0.558563,0.594513,0.236847,-2.2676121880611095,9.361388945363837,0.27157560299654654,0.056461886462204056,6.573631491722398,1.01137502926109,0.236255375337969,0.055816602376084615,0.4994131994591252,1.6574918534056207,1.0029918544454886,0.20919120031890218,-0.18132778895581136,1.0384511082149859,1.8067803667905298,12.790448832734794,0.2879708531073446,0.33449809539045494,0.1118889758198419,-1.478364,0.8700559999999999,0.32528799999999997,-2.8705128603099035,10.970139620367453,0.44066318992274245,0.11292377292440811,17.42908168313282
typing1_processed.csv,typing,0.08853145714285714,0.07815064317698478,0.006107523028976398,-0.090652,0.28688,0.08296200000000001,0.22905421263209785,-0.1353485379029471,0.1177203958701659,2.715072691877563,1.139125879710449,-0.6162985857142858,0.10230002898939804,0.010465295931231678,-0.799118,-0.287094,-0.625046,0.9099194928294327,1.2289823075491109,0.624611670125584,0.2857971254607961,2.635915890456334,-0.7674870142857143,0.12559005493610897,0.015772861898854868,-1.167679,-0.521805,-0.747574,-0.7072401045348389,0.7933579736189156,0.7775499034772624,1.5718841900343785,2.422809723852959,1.0010469088891827,0.08112200565714835,0.0065807798018384074,0.8513081573425689,1.2217837754836163,0.9983155251068465,0.3159393821602507,-0.08277150262587574,1.0042816748593992,1.5718841900343785,1.3387928097469366,-1.295254142857143,0.1561382644926025,0.024379157638761896,-1.558869,-0.822357,-1.3076020000000002,0.5540202725272089,0.07309620720086318,1.3044976728790283,4.286956881911942,2.214505514583314
typing10_processed.csv,typing,0.005795504424778762,0.03719597204410422,0.0013835403363057829,-0.109848,0.094452,0.009399,-0.47409766206613674,0.8284624417820798,0.03748178875204727,0.08821988807101701,1.5004038288656427,-0.6451826548672566,0.027598150092562466,0.0007616578885316057,-0.715775,-0.554184,-0.653458,0.33516854448415995,-0.3561999372501843,0.6457674315841552,0.08821988807101701,1.6586849282179466,-0.7599578761061947,0.045503800971954285,0.0020705959028952275,-0.889542,-0.619583,-0.760223,0.019103414523195375,1.0126688304735527,0.7613069325188008,0.08821988807101701,1.6839106162869613,0.9986352411890561,0.027256841137026127,0.0007429353887690797,0.9329608663357751,1.1138989684657221,0.9987520634772176,0.679447438305661,2.178409201794004,0.9990038566912719,4.322774515479834,0.6499738046475476,-1.3993450265486724,0.054362884058272866,0.0029553231631332185,-1.5693510000000002,-1.21759,-1.397049,0.007239193608184855,1.70087660732118,1.4003912571804031,0.08821988807101701,1.5255282956147334
typing2_processed.csv,typing,0.0633428611111111,0.07051535652034743,0.004972415505191706,-0.142761,0.245132,0.062462000000000004,-0.23686238739444357,0.6151116627958837,0.09442283745192273,1.8063187888466175,0.9136491567879648,-0.6805663194444445,0.07595144787200744,0.005768622433854264,-0.866989,-0.514206,-0.6742935,-0.2464670949430441,-0.041158743478738824,0.6847328076264392,0.55579039656819,1.592739284173348,-0.7218170277777778,0.10144620548883888,0.010291332608083724,-0.927139,-0.416397,-0.712059,0.4066122723504943,0.5680751221351978,0.7288128834089835,0.55579039656819,2.1548435432011375,1.0027251777348292,0.05944925002265452,0.0035342133282560886,0.8620894999366365,1.142199326585776,1.0000910068349054,-0.002888891955475461,-0.5069302281088275,1.004461502047428,1.945266387988665,1.2133720396405294,-1.339040486111111,0.1271600397417623,0.016169675707126567,-1.635529,-1.028656,-1.359322,0.30590975288001027,-0.2565100443369204,1.3449812341897347,1.945266387988665,2.3205643593737575
typing3_processed.csv,typing,0.01139273611111111,0.05479880352682562,0.0030029088679716354,-0.131287,0.181519,0.0071255,0.39914486642778607,1.535713122860889,0.05559672864889024,3.8927267885395618,1.0146053942489626,-0.8267394305555555,0.031693007678118064,0.0010044467356852503,-0.929474,-0.745697,-0.8270415,-0.20824882972048306,1.0249293716345376,0.8273382513349076,0.13902595673355578,0.46791154734194434,-0.5524643611111111,0.07060363283381778,0.004984872969332551,-0.794525,-0.407562,-0.546684,-0.695151444516842,1.1276696970857403,0.5568954200928972,0.9731816971348904,1.219671898591852,0.9981017311067626,0.03906685460058705,0.0015262191283834097,0.9132318622786877,1.1022705804755926,0.9975274125076259,0.4662839965675397,-0.03126180770296694,0.9988553885717419,2.5024672212040038,0.715435513625545,-1.3678110555555556,0.09455478978935732,0.00894060827210955,-1.5584570000000002,-1.075607,-1.37178,0.5942470551819983,0.6817779876545202,1.3710300933448625,2.5024672212040038,1.5103469976564987
typing4_processed.csv,typing,-0.008554569230769228,0.057980577996528615,0.0033617474248115384,-0.14711,0.145813,-0.01506,0.1898172951883619,0.6856857784992823,0.05816535814713613,0.46161058819286677,0.8335752489950461,-0.8264094461538462,0.026879868535782718,0.0007225273325009618,-0.903564,-0.771317,-0.825027,-0.7624349380178049,0.5779937699156399,0.8268397572805097,2.154182744900045,0.4298781820468931,-0.5597691384615385,0.0619545165955631,0.003838362126589903,-0.741898,-0.384232,-0.548492,0.12894958649665814,1.1995180815675814,0.5631347962748693,3.0774039212857787,1.0931309441212895,1.001387799670377,0.037579151066208655,0.001412192594856931,0.901025610526693,1.0951711900922156,0.9993804853302871,0.1336271340527529,0.2196898495362527,1.0020818289359483,2.6157933330929115,0.6985213297015523,-1.394733153846154,0.08825039281662411,0.00778813183228846,-1.634292,-1.224838,-1.4045109999999998,-0.1438350981150786,-0.03415817263500465,1.3974794756478977,0.46161058819286677,1.3789207815495657
typing5_processed.csv,typing,0.04420687142857144,0.03707106821741627,0.001374264098780331,-0.036255,0.16954,0.038109000000000004,0.7021786661614949,1.2182952318125695,0.057522858378337614,0.2858385633505251,0.6969881910852896,-0.7876447857142858,0.02985682121216934,0.000891429772895445,-0.845551,-0.701767,-0.7939835,0.6116354491225757,0.003421533763220186,0.7882023874137639,0.14291928167526255,0.8164636910939863,-0.6142286,0.054118369541835486,0.0029287979218666667,-0.759079,-0.495239,-0.60981,-0.19215923141488145,-0.2403340117554693,0.616574189379927,3.7159013235568263,1.0934853344715323,1.0016446709622524,0.03826863157565395,0.0014644881626731387,0.92220143094825,1.0882266584590732,0.993815563420487,0.30543175118294047,-0.6652508948445561,1.0023650102484054,3.7159013235568263,0.7867595108516978,-1.3576665142857143,0.06410531382770908,0.0041094912609490695,-1.5214530000000002,-1.237549,-1.3490220000000002,-0.4514096573344311,-0.2076445642580942,1.3591575141445738,3.7159013235568263,1.2955273013928943
typing6_processed.csv,typing,-0.03073836111111111,0.023982631355577703,0.0005751666067375389,-0.107758,0.031174,-0.0317155,-0.34865039644070095,1.567428439535112,0.03891899065758972,0.18389619317693565,0.7499097224421533,-0.4588895555555556,0.04585834792650392,0.002102988074548287,-0.573273,-0.386856,-0.442749,-1.1271147024055785,0.4231481424241905,0.4611541392644354,0.09194809658846782,2.627210266073108,-0.8856461296296297,0.052839254123951844,0.0027919867763755617,-1.112381,-0.755402,-0.886177,-0.8419680549124434,3.5780232203344644,0.8872064032540046,0.09194809658846782,1.3513849947726884,0.9999352072499655,0.0381587947888074,0.0014560936197343145,0.8842013816014991,1.1965327160700623,0.9977855171797413,1.3711838057472425,8.270483389987968,1.0006562996201218,2.4825986078886313,0.8361790614209337,-1.3752740462962962,0.044674388053041365,0.001995800947913725,-1.59613,-1.2625890000000002,-1.372604,-1.8029651127711108,8.047969767280764,1.3759927411602484,2.4825986078886313,0.9868232436546076
typing7_processed.csv,typing,-0.01226764077669903,0.04518597168778927,0.002041772037369693,-0.113953,0.235077,-0.011246,1.5019853283998783,8.347477409881716,0.04660948420768885,0.29100536648131714,0.9926408668724336,-0.7551652912621358,0.0297768707404053,0.0008866620310908054,-0.830994,-0.592453,-0.762604,1.8726895808593897,7.9438371727665835,0.7557464328654708,0.38800715530842284,0.8098351544387902,-0.6463840970873787,0.057820260767196124,0.003343182555186559,-0.844482,-0.450119,-0.644653,-0.019615744467777998,2.693449210259235,0.6489400014173824,3.201059031294488,1.5141364886670319,0.9967264343255864,0.03153266317863763,0.0009943088471374092,0.8997384197915526,1.0905121398595248,0.998822141233363,-0.1405028083536439,1.7648635418115504,0.9972202566367084,3.201059031294488,0.8816731113484916,-1.4138170291262133,0.06519308114054118,0.004250137828597185,-1.624374,-1.201858,-1.417558,0.021590346298278065,1.8092061787814862,1.4153047255632993,3.201059031294488,1.5327304081688573
typing8_processed.csv,typing,-0.018940608187134503,0.028286221284737015,0.0008001103145691093,-0.119751,0.07048,-0.019531,0.04616400880109472,0.6540134520752803,0.0339731945124405,0.05844858879320511,1.7150067486552132,-0.6233454210526316,0.05560868742337912,0.0030923261169510828,-0.733337,-0.539032,-0.615067,-0.5618591817836397,-0.9396389328585713,0.6258064846945676,0.05844858879320511,5.141048409086316,-0.7766510643274854,0.05405055773572458,0.002921462791542896,-0.901352,-0.638763,-0.789246,0.39211340132206196,-0.6543764377274814,0.7785186278663025,0.05844858879320511,4.2052501111948475,0.9992431377567006,0.019865741702070797,0.00039464769337339465,0.9527551433658072,1.0853505389274012,0.9995015852198534,0.3794501893966157,1.5851063929507028,0.9994394369675346,2.74708367328064,0.5970833913169606,-1.4189370935672516,0.03463675318081706,0.001199704670908841,-1.5208590000000002,-1.334366,-1.420059,-0.11283271247211307,0.24163367601090657,1.4193573067960015,0.7598316543116664,0.8978529381819075
typing9_processed.csv,typing,-0.024963975609756096,0.02063697286126164,0.0004258846488764494,-0.075729,0.036942,-0.025894,0.5763287635533558,0.8064522648142383,0.032336082791532016,2.675033288417225,0.4672238176959388,-0.6298547886178862,0.010112707238551717,0.0001022668476926563,-0.65892,-0.607803,-0.629791,-0.43501384389982123,0.21748413819318468,0.6299353063250135,3.6477726660234886,0.24030656973549192,-0.7750304390243902,0.02901480669265668,0.0008418590074122349,-0.868576,-0.649185,-0.774261,0.4547939815175898,3.684539417032359,0.7755689498939325,3.6477726660234886,0.939228887160748,0.9994658295493083,0.02104674208298575,0.0004429653523077234,0.9108826204923443,1.0745477414140332,0.9980189865152866,0.2809538531924982,3.9087616140284824,0.9996856048001627,3.6477726660234886,0.6578886735418077,-1.4298492032520325,0.03443465537368208,0.0011857454907042522,-1.533798,-1.315003,-1.4304510000000001,0.6884003465161564,2.7139899711324427,1.4302604131150156,3.6477726660234886,1.063034719908328
