label,source_file,x_mean,x_std,x_var,x_min,x_max,x_median,x_range,x_iqr,x_skew,x_kurt,x_fft_mean,x_fft_std,x_fft_max_power,x_fft_dominant_freq,x_fft_spectral_entropy,y_mean,y_std,y_var,y_min,y_max,y_median,y_range,y_iqr,y_skew,y_kurt,y_fft_mean,y_fft_std,y_fft_max_power,y_fft_dominant_freq,y_fft_spectral_entropy,z_mean,z_std,z_var,z_min,z_max,z_median,z_range,z_iqr,z_skew,z_kurt,z_fft_mean,z_fft_std,z_fft_max_power,z_fft_dominant_freq,z_fft_spectral_entropy,magnitude_mean,magnitude_std,magnitude_var,magnitude_min,magnitude_max,magnitude_median,magnitude_range,magnitude_iqr,magnitude_skew,magnitude_kurt,magnitude_fft_mean,magnitude_fft_std,magnitude_fft_max_power,magnitude_fft_dominant_freq,magnitude_fft_spectral_entropy,corr_xy,corr_xz,corr_yz
aruki,aruki1_windowed_all.csv,-0.7978801940298508,0.35960641071911814,0.12931677063028707,-1.488022,0.604935,-0.774582,2.092957,0.387879,0.915309700203457,2.095658154053048,25.992670896687713,56.810773977751275,354.9258388469674,1.89111459806101,3.2833517308380307,0.5260512338308458,0.2608684500641273,0.06805234823886007,-0.400604,0.968399,0.539322,1.369003,0.26493800000000006,-1.3715819316185924,2.82248459621309,13.678521996010872,38.76774904027099,239.75952391929061,0.049766173633184474,2.985140228102888,-0.09482498507462687,0.25544078099155343,0.06524999259357477,-1.193054,0.325745,-0.041077,1.518799,0.150985,-2.451741116490377,6.301277121322098,13.115248511308527,39.86413260104055,234.88684186881446,0.049766173633184474,2.897890608290805,1.0595922843199146,0.24741822542836062,0.06121577827411907,0.4968277486564131,1.7577873971982503,0.9978325709311157,1.2609596485418373,0.3619918264473263,0.732165813430476,-0.03426200374149069,12.304371433097929,54.54882637519959,541.658604011213,1.89111459806101,2.8225387363624246,-0.664174621417921,-0.6308984428851508,0.6524961083553373
aruki,aruki10_windowed_all.csv,-0.7439312684210527,0.3161718137658475,0.09996461581998577,-2.170807,0.328003,-0.7600095,2.4988099999999998,0.3938404999999999,0.13968724000018987,3.541237705188531,19.09423397236702,42.21708963440648,357.557904764401,1.893434479764684,3.424234470031455,0.5903057684210526,0.3118159018105643,0.09722915662193549,-0.517334,1.285736,0.6237334999999999,1.80307,0.31629975,-1.5263135258119744,3.291746591345493,18.569009564437128,41.61703228257324,272.14360826114563,1.893434479764684,3.277959276058099,-0.0068115684210526255,0.18618320858833268,0.0346641871602466,-0.918091,0.242935,0.033058000000000004,1.1610260000000001,0.10199375000000001,-3.352544620307406,12.554399564103202,6.616979599531596,16.17461464267756,91.08300404134675,0.10519080443137134,3.1646879526573044,1.021419494017832,0.29958853006237496,0.08975328734493454,0.3688842360822701,2.2026622739117316,1.0302226899819193,1.8337780378294615,0.4425897396332238,0.26783621217629544,0.6265082004728031,17.14312577848336,64.46232717879185,602.9475454631234,1.893434479764684,2.9124700057663513,-0.6942798082285015,-0.44433807257599567,0.6634477973812458
aruki,aruki11_windowed_all.csv,-0.6698331,0.3125698222709882,0.09769989379451714,-1.655701,0.361282,-0.7042010000000001,2.016983,0.37370275,0.681028789965045,1.3801636201401588,23.545799010991804,52.63077794370748,313.91679724609884,1.8321068183085243,3.4190152809826935,0.5791308041666666,0.39188235132441934,0.15357177727955565,-0.806503,1.373932,0.6491015,2.180435,0.31660450000000007,-1.6510553306288176,2.6367036336301397,37.011946134908776,113.48709072003174,610.4667060325598,0.041638791325193734,2.9741087490205302,0.003454050000000001,0.2843018828578018,0.08082756059649124,-2.121704,0.30777,0.0816345,2.429474,0.11180175,-3.51800342316914,16.010251967903873,19.464680262463244,69.95536003135254,453.53312336781187,0.041638791325193734,2.7968536697065223,1.0191707084715338,0.2764158274064902,0.07640570964081456,0.36736483383415997,2.1416973359001967,0.9984619031597546,1.7743325020660368,0.3988119440245642,0.500901943143616,0.8678546060073029,18.41214587723737,63.4984896958503,639.8474850375338,1.8321068183085243,3.311575076676257,-0.819483485848187,-0.6460870105461224,0.7463715410360333
aruki,aruki12_windowed_all.csv,-0.769481480952381,0.27303060540035495,0.07454571148528434,-1.697861,0.140106,-0.7786105000000001,1.8379670000000001,0.38356825000000005,-0.035158888057532825,1.063088345413043,15.726277877568304,47.76024285559852,460.5765179513236,1.903486841805671,3.2199370796169426,0.5654573523809524,0.277754897954565,0.07714778333775081,-0.745483,1.156342,0.5833055,1.901825,0.32053349999999997,-1.6030898380169096,4.7267865661297055,16.278632664828212,37.4776825703525,297.0408136258925,1.903486841805671,3.385253964224135,0.12700710476190474,0.1819818608918581,0.03311739769366359,-0.915985,0.414322,0.15950750000000002,1.3303070000000001,0.11561574999999999,-3.4736267139668877,15.414110321707952,6.980976614599134,14.469314448866774,65.52245208668265,0.1903486841805671,3.463495510140004,1.0151349858598162,0.2859997847146369,0.08179587685681865,0.31232718963772593,1.7569492490000957,1.0168006265853373,1.4446220593623698,0.43980987073595557,0.014037003710181345,-0.5562046380074785,17.259695152281683,72.00815359167325,708.9967354860328,1.903486841805671,2.8254893687404685,-0.6640775256845142,-0.4645213889993996,0.5993421936272474
aruki,aruki2_windowed_all.csv,-0.8697989552238806,0.36643480539620277,0.134274466605753,-1.8909,0.620514,-0.860764,2.5114140000000003,0.44027700000000003,0.5522750214386771,1.603377143908217,26.98916778775634,61.42091673234942,431.1274141425908,1.8912091868970062,3.2989637673122334,0.4680771094527363,0.24381730991311507,0.059446880613268,-0.545959,0.972092,0.478073,1.5180509999999998,0.295502,-1.0717649217414345,2.577597717043985,11.948823003266858,28.08726349868462,150.3095217790168,0.04976866281307911,3.2681088056165692,-0.11649131343283584,0.26433482025884575,0.06987289720127629,-1.406723,0.271591,-0.062149,1.6783139999999999,0.14068599999999998,-2.6224948122657925,7.9354000506672175,14.044452337456532,41.6392322450909,243.33713153917932,0.04976866281307911,2.9531628417053724,1.0843290919447246,0.2758777429169773,0.07610852903696581,0.5449087081502736,2.019291289074709,1.0221289059399503,1.4743825809244355,0.42865454243050394,0.7072709840400917,0.050759493663369515,15.297814336430132,62.78958502539127,613.0289816606722,1.8912091868970062,2.876293209166321,-0.5419753038331887,-0.5288308702798052,0.5455933130222711
aruki,aruki3_windowed_all.csv,-0.8666163364928909,0.32411352972694996,0.10504958015206248,-1.703064,0.384918,-0.834747,2.087982,0.38544500000000004,0.38963269039130993,1.890658345630405,22.16546141208516,49.96501633814691,339.2429934119047,0.9481833596980984,3.485795608296324,0.4846659146919431,0.21106433802695002,0.04454815478675462,-0.413071,1.025589,0.485489,1.43866,0.25724800000000003,-0.736564790410556,2.1295436220313735,9.399660660005212,18.394541206312738,105.25622619559047,1.943775887381102,3.603002660438676,-0.08700028436018957,0.22936317745526605,0.05260746717237587,-1.356781,0.277771,-0.039856,1.634552,0.1416855,-2.7732553209496174,9.535407194353311,11.100175573371306,25.343157275723737,147.97075886723886,0.047409167984904924,3.3833771708536298,1.0615811097395607,0.26097738691613903,0.06810919648157614,0.6691397350636114,1.9108434692951697,0.988588043236413,1.2417037342315584,0.38975800560614626,0.9595802749645943,0.5898348670048579,14.371040457612567,51.06276621600645,390.7018313967953,1.8963667193961968,2.9376513901097945,-0.5228324282156759,-0.5322625458359674,0.434451490184934
aruki,aruki4_windowed_all.csv,-0.9087473175355449,0.3718317111322304,0.13825882140352244,-1.741211,0.660385,-0.904846,2.401596,0.41136949999999994,0.9559051255693405,2.844470366558363,29.172611316143232,67.03217893372667,461.1832087544322,0.9481833596980984,3.39784879235324,0.4498556398104265,0.21076319669699525,0.04442112508193631,-0.398209,0.920044,0.468384,1.318253,0.29239699999999996,-0.8511247548640869,1.9943703505747474,9.372857392288555,27.248405878647475,236.9446255365537,0.9481833596980984,3.240868177614989,-0.04266900947867298,0.20683277933648975,0.04277979860805706,-1.116608,0.290497,-0.011856,1.407105,0.11978150000000001,-2.824176020833082,10.234720951221377,9.026537506300032,22.073643670882287,114.12427811032452,0.047409167984904924,3.2490819496045544,1.0895013629972077,0.26021400898070157,0.06771133046980865,0.48765617921031207,1.8682690575623737,1.0421338869041732,1.3806128783520617,0.3775685579286018,0.5851173419619217,-0.01563005993138722,14.28709072912962,56.360396342169196,526.9085180765804,1.8963667193961968,2.8843881507731544,-0.32307906139963183,-0.616113117904488,0.40124520763517046
aruki,aruki5_windowed_all.csv,-0.5999214277777778,0.3196516211457506,0.10217715890110646,-1.431137,0.354538,-0.541939,1.7856750000000001,0.41686199999999995,0.04295606466351381,0.40557762813495346,18.47428921442001,47.206530618521775,400.72330734169384,0.9393540898791772,3.1815460591548224,0.7983412277777777,0.419373034967954,0.17587374245823273,-0.445312,1.892609,0.8465275,2.337921,0.50658725,-0.6442590593610613,0.6034683732267285,31.83390029464063,71.87154688638795,365.6593944630464,1.9339643026924238,3.1673079429218634,-0.1127249111111111,0.30789992074860567,0.09480236119699767,-1.423721,0.258804,-0.031998,1.682525,0.2051165,-2.24842464665378,5.2822366819103435,17.159978276508923,55.80010039239973,415.9555328840889,0.05525612293406925,2.717017101580646,1.1302557788542977,0.32224520292486464,0.10384197080808719,0.3649095042788006,2.1986716421298564,1.137841011331139,1.8337621378510558,0.44836422969860923,0.3071145185828141,0.3254346348157844,18.762378571361193,55.773470715808315,461.97032946126603,1.9339643026924238,3.0453362210729007,-0.44521772217896677,-0.3447492151420635,0.5029731998509159
aruki,aruki6_windowed_all.csv,-0.6617302315789473,0.3452838520006417,0.11922093845240103,-1.356171,0.407578,-0.630371,1.763749,0.5111807500000001,0.18389455481216227,0.11490064046606685,22.77155376496404,95.12453374150017,920.7468006427448,0.946467023887025,2.782919102475557,0.8850977421052633,0.30977446450330404,0.09596021885830876,-0.243286,1.367371,0.928467,1.6106569999999998,0.35207725,-1.691655560235519,3.844231621932534,18.32859263005981,37.67851811978443,208.65567352781255,0.15774450398117082,3.3689661947328684,-0.15777275263157894,0.2541071427814812,0.06457044001256808,-1.270584,0.277664,-0.0927125,1.548248,0.177212,-1.927896687355911,4.078498064284407,12.331800765758292,35.57703885772569,228.69784279050623,0.05258150132705694,2.9012005698592667,1.212632857262567,0.23294532711135774,0.054263525423017454,0.696735506826658,1.645783115247875,1.2156112898596314,0.949047608421217,0.33593409479770453,-0.24929677140687667,-0.6967322410434011,10.364378528410866,30.97340734764325,267.477809613146,1.89293404777405,3.186055760137426,-0.2855502929125124,-0.2663401289078884,0.5961065719816012
aruki,aruki7_windowed_all.csv,-0.5999214277777778,0.3196516211457506,0.10217715890110646,-1.431137,0.354538,-0.541939,1.7856750000000001,0.41686199999999995,0.04295606466351381,0.40557762813495346,18.47428921442001,47.206530618521775,400.72330734169384,0.9393540898791772,3.1815460591548224,0.7983412277777777,0.419373034967954,0.17587374245823273,-0.445312,1.892609,0.8465275,2.337921,0.50658725,-0.6442590593610613,0.6034683732267285,31.83390029464063,71.87154688638795,365.6593944630464,1.9339643026924238,3.1673079429218634,-0.1127249111111111,0.30789992074860567,0.09480236119699767,-1.423721,0.258804,-0.031998,1.682525,0.2051165,-2.24842464665378,5.2822366819103435,17.159978276508923,55.80010039239973,415.9555328840889,0.05525612293406925,2.717017101580646,1.1302557788542977,0.32224520292486464,0.10384197080808719,0.3649095042788006,2.1986716421298564,1.137841011331139,1.8337621378510558,0.44836422969860923,0.3071145185828141,0.3254346348157844,18.762378571361193,55.773470715808315,461.97032946126603,1.9339643026924238,3.0453362210729007,-0.44521772217896677,-0.3447492151420635,0.5029731998509159
aruki,aruki8_windowed_all.csv,-0.35526759999999996,0.44679800708753414,0.1996284591373922,-1.49469,0.41391,-0.22758499999999998,1.9086,0.5839455,-0.6662600516831755,-0.2829624560414534,36.131838994698384,174.73001277097785,1612.0005025963264,0.05540080470442588,2.235238018779472,0.12163952777777778,0.5420293845725572,0.2937958537401052,-0.486526,1.505402,-0.1628875,1.991928,0.9271395,0.8836400932216965,-0.6310312359732237,53.175966647093006,334.76506609089284,3073.438788651481,0.05540080470442588,1.4293486260575305,-0.6699214611111112,0.4467113815392528,0.1995510583967079,-1.523743,0.449661,-0.7558595,1.973404,0.7894175000000002,0.32665670872075137,-0.9427384407523034,36.078406901147254,194.84253743310236,1782.9727073051902,0.05540080470442588,1.929097266606746,1.0952492475492088,0.28249593897416814,0.07980395553689693,0.42246049016683207,1.9266307901271587,1.1000603351536429,1.5041702999603266,0.38914782214361543,0.2297427698954901,0.17861990872421352,14.430963925764585,43.870084987374014,374.38508968261544,1.828226555246054,3.096564990028729,-0.7057828235998349,-0.6293357262557197,0.7937974944002686
aruki,aruki9_windowed_all.csv,-0.7510185250000001,0.33675179708343644,0.11340177283892396,-1.596664,0.233978,-0.788597,1.830642,0.40261875,0.7308048968817111,0.8359416181356241,22.790666811569725,51.85289475095555,316.98699287188026,1.8486994074520438,3.207881688224413,0.47021072500000005,0.38249358014523716,0.14630133885232094,-0.721497,1.00621,0.5728225,1.727707,0.30666750000000004,-1.7888359583039237,2.7074626843613725,29.407326466480562,96.23509042470928,517.2852791180183,0.1498945465501657,2.611402684248874,-0.045496840000000004,0.2242383647618752,0.050282844231079794,-0.915894,0.16861,0.014984500000000001,1.084504,0.10987450000000001,-2.6305425480792066,6.335149488765169,10.096607180558443,36.91521541426738,229.97161052859428,0.049964848850055234,2.369123508927383,1.012075119702344,0.26775990796223664,0.07169536831194545,0.32105191842130454,1.6367362413147086,1.0117267060469024,1.315684322893404,0.3938389056149775,-0.13092818817875485,-0.5146349096685752,14.40781412536756,54.01838218792271,416.95151675978263,1.8486994074520438,2.8421001428722494,-0.795464373297597,-0.6098363652518947,0.792577243002945
kudari,kudari1_windowed_all.csv,-0.902059256198347,0.5642852301205559,0.31841782093220866,-2.363327,0.367172,-0.727646,2.730499,0.8315890000000001,-0.43269323576994423,-0.34487132230286655,38.52855633279727,62.0156516983307,294.86803910606636,1.9020945092871828,3.2267286629670475,0.3898408595041322,0.46651650225139063,0.21763764687287174,-0.318756,1.981552,0.288727,2.300308,0.5887,1.0230847348867882,0.725246052758115,26.334155271617483,42.34626451958461,210.0535812344329,1.9020945092871828,3.3050498109990616,-0.14106671900826448,0.2702722108106388,0.07304706793647037,-1.066757,0.472244,-0.086197,1.5390009999999998,0.229462,-1.1234022647200947,1.768201225764959,8.838695220312918,16.892691572975323,99.99258100835492,0.16539952254671156,3.134904417187931,1.1019412871985468,0.615230703683026,0.37850881875431136,0.18506897003279615,3.0201086940163266,0.9192356695391014,2.8350397239835305,1.0282480955168631,0.9319593162266384,0.0810389470860482,45.79956706927168,100.9303595419298,512.8356099355702,1.9020945092871828,2.8758486857769117,-0.7662078622283403,-0.1341970630335238,0.0020857592643797208
kudari,kudari10_windowed_all.csv,-0.63375024375,0.3477082944462047,0.1209010580266886,-2.014374,0.356979,-0.636368,2.371353,0.39006850000000004,-0.5396367087211802,1.9047012946075155,19.466464499416034,38.34608751028581,230.48956320347497,2.1236643620364553,3.321543801798062,0.62452115,0.46895284086094385,0.21991676695154974,-0.674454,1.754974,0.7153400000000001,2.429428,0.4750447499999999,-0.6249971530674474,0.8298829631989935,35.396835781362526,84.14151621877954,377.94140216897875,0.06246071653048398,2.8887759427295348,0.05235350625,0.31032123359226704,0.09629926801822637,-1.059219,0.663406,0.1268995,1.7226249999999999,0.17375949999999998,-1.686531553257239,2.8777279614417477,15.502560150907078,53.31548209549541,353.13486982370034,0.12492143306096797,2.42742795430999,1.032335103177667,0.4050949403801266,0.16410191072157831,0.40806010437801926,2.3773292430290343,0.9908920135051453,1.969269138651015,0.41709165343897925,0.8047054923987599,0.6778024427169691,26.40886076329487,84.36778301210971,568.4334928414877,2.1236643620364553,2.775148344571344,-0.7640619939241244,-0.5511008980060375,0.6823959898747801
kudari,kudari11_windowed_all.csv,-0.7075475,0.3443325919807932,0.11856493390021142,-1.715179,0.245728,-0.66201,1.960907,0.41427275,-0.26759250207050067,0.7320315577679466,17.888126915496247,38.69207432300085,273.4645955986988,1.9320366644310307,3.3166620513757725,0.58467106,0.380969245593416,0.1451375660880165,-0.498779,1.525345,0.602646,2.024124,0.46277599999999997,-0.482384793977518,0.7726623314602863,21.91733568774962,51.172654886802455,302.5646359367346,1.9320366644310307,2.9731243782754153,0.04229939333333334,0.27872156434023376,0.07768571042826707,-0.9534,0.594437,0.086319,1.547837,0.17465975,-1.9470439724181872,4.429167930372516,11.725438303798649,32.157364506912174,198.30606611796983,0.13324390789179522,2.749786773085478,1.0169451689138815,0.38754228728419643,0.15018902443346666,0.2966520109707669,2.304716549056955,0.9976307259750561,2.008064538086188,0.4922073463357757,0.5772634010222304,0.12107465002652518,22.661849099238836,78.94234484743933,538.0806014081377,1.9320366644310307,2.602674286381035,-0.7678753992681611,-0.4478853061176808,0.6288057857499232
kudari,kudari12_windowed_all.csv,-0.6637793133333334,0.33669929319004077,0.11336641403467303,-1.874252,0.374054,-0.6455310000000001,2.248306,0.3622475,-0.476179250195763,1.6701172382299765,17.108529545301703,28.664793132143156,177.79703936222566,1.9320366644310307,3.4530051914187965,0.5916494666666666,0.4459502559939948,0.1988716308211095,-0.687637,1.71196,0.634987,2.399597,0.43828525000000007,-0.6861096779742588,1.1593270471749086,29.98398344410608,64.88836672343689,331.5220969998834,0.19986586183769284,3.0127433279777627,0.02541291333333334,0.2913147917474005,0.08486430789083133,-0.927216,0.514771,0.0784,1.4419870000000001,0.18219325000000003,-1.8066746767398083,3.4868042953822984,12.764739003001083,39.56865863972694,249.78144911506317,0.13324390789179522,2.5500548715525597,1.0186472958850838,0.38614065493971056,0.14910460539726864,0.21106037661768728,2.2962158480129866,0.9987528107247854,2.085155471395299,0.5149925233727314,0.8363313990586546,0.8884959062493731,22.496305851945948,58.5632784425693,432.69791494841104,1.9320366644310307,3.0432504683280333,-0.7742774835819812,-0.4571209459587685,0.6221383702081384
kudari,kudari2_windowed_all.csv,-0.9059248738738739,0.603685704370308,0.3644364296610749,-2.602539,0.505096,-0.752518,3.107635,0.8722000000000001,-0.4596129899611962,0.10168965989410106,40.452443692379305,68.01767392874008,359.72873985258235,1.9827029648783017,3.170980803004995,0.41344245945945945,0.4584297822341703,0.21015786523926883,-0.202621,1.828934,0.287827,2.031555,0.59449,1.099896361155724,0.7681335214902898,23.327523041558837,42.77792586997972,216.09717547577353,2.162948688958147,3.00490041142761,-0.09712615315315312,0.33618704004508626,0.11302172589427643,-1.329102,0.527802,-0.046082,1.856904,0.27652699999999997,-1.0752287892299366,1.8402421764102077,12.545411574264673,20.91251925659794,109.70861500582511,0.1802457240798456,3.125428613818511,1.134718195742528,0.6312637862887737,0.39849396787963853,0.3825754466990792,3.1873068252681604,0.92363145840806,2.8047313785690813,0.8964707807939294,1.0339107122358049,0.32731196114122474,44.232830434639894,100.11854040738343,538.9251565218835,1.9827029648783017,2.7707588664518217,-0.7584909157894901,-0.054606896312164144,-0.005187718026793744
kudari,kudari3_windowed_all.csv,-0.8777617024793387,0.5496073787226455,0.3020682707463775,-2.265579,0.44072,-0.754669,2.7062989999999996,0.67807,-0.2896396793633138,-0.1453588679287119,36.55026076031167,78.92816180221176,452.6200599336452,1.9839670661467017,3.0380997165355126,0.37411977685950415,0.44139315179454797,0.19482791445112488,-0.321121,1.769897,0.288971,2.091018,0.586288,0.9978935347620403,0.6242179291825831,23.574177648586097,53.08136087458121,321.8517493625993,2.066632360569481,2.911238083721113,-0.12477727272727274,0.30077329107258394,0.09046457262263329,-1.062881,0.411789,-0.068375,1.47467,0.283387,-1.2670449841494584,1.6920984649773985,10.946213287338633,23.02607127106756,129.76093508492428,0.16533058884555848,2.948668071663925,1.0883587738184894,0.5715611517417524,0.3266821501803585,0.34233693976256785,2.8766187330160737,0.9131532848065543,2.534281793253506,0.7878058658652903,0.9627331240435518,0.10315052530769453,39.52854017182337,109.16544484458464,615.5909631645079,2.066632360569481,2.6720661114782613,-0.7725783089497316,-0.15121348823324368,0.03334400340819066
kudari,kudari4_windowed_all.csv,-0.8931749916666667,0.5598618518192643,0.3134452931224958,-2.54599,0.276703,-0.7833175,2.822693,0.6717535000000001,-0.554968621448266,0.2371447616877842,37.92871050342913,84.02939874719691,549.0029816979047,1.90896663318826,3.0162385160597065,0.43517355,0.4960853477522642,0.2461006722544849,-0.282089,1.826157,0.3082125,2.108246,0.5238989999999999,1.112142497942791,0.565192135285661,29.77163902872498,75.77246161432204,494.481472416959,1.90896663318826,2.837109033276153,-0.11355490833333333,0.3000962130725814,0.09005773710050416,-1.120407,0.487839,-0.075409,1.6082459999999998,0.296352,-1.1579055655225743,2.29101983292684,10.898453599404322,16.86550351288373,94.50555252477618,0.16599709853810957,3.291103953690446,1.1151433974833713,0.6356452498060813,0.4040448836010355,0.31095536099253857,3.134555265520932,0.9042961686009878,2.8235999045283937,0.7756610347089583,1.0776001069723844,0.479222395782402,48.873337796926236,145.88686321815476,976.8494819227012,1.90896663318826,2.595405821017272,-0.7169370081207753,0.004932900629253009,-0.09973337213099168
kudari,kudari5_windowed_all.csv,-0.62439223125,0.38087474689513146,0.14506557282243046,-1.498489,0.46936,-0.6810075,1.967849,0.5096895000000001,0.3504365135864533,-0.1740792686294017,23.349169436424443,62.397710152274584,455.41779135196043,0.0624685692733216,2.8920892180347564,0.5461727,0.44829406684735223,0.20096757037053833,-0.403885,1.588623,0.5999909999999999,1.992508,0.57706875,-0.2670067217053043,-0.4876611901062424,32.3582855011212,91.7179597581503,590.286919648137,0.1249371385466432,2.7849170360943654,-0.41493247499999997,0.30953485310107043,0.09581182528430125,-1.218857,0.073395,-0.313942,1.2922520000000002,0.46600300000000006,-0.704201202066138,-0.5601012545546409,15.405634292247395,62.71821935067007,499.8111098086187,0.0624685692733216,2.354593390888488,1.0794854375558376,0.36739280370028365,0.13497747221075515,0.26608748728190884,2.1465951983254783,1.0361319345885516,1.8805077110435695,0.5098412656290201,0.20610323840846353,-0.22329187399094197,21.715424478893738,52.88255515085571,297.7570702644314,1.6866513703796833,3.022896200465354,-0.7798205434633811,-0.3559533321037656,0.4431876435427013
kudari,kudari6_windowed_all.csv,-0.5925745214285714,0.4317494459561203,0.18640758408341684,-1.750061,0.423569,-0.491348,2.17363,0.5490459999999999,-0.4100834610658847,-0.180292220983155,26.277851959755548,50.48642874598215,265.17079346783595,0.14276470527818574,3.1494169380352117,0.4402838357142857,0.56498423078145,0.31920718103170675,-0.469925,2.271637,0.31880149999999996,2.741562,0.5540355,0.8867156129170816,0.5909012298741634,45.00962789101886,98.46117346414421,463.8022605306055,0.14276470527818574,2.9695849243236276,-0.5064818071428572,0.33515419993261814,0.11232833773247336,-1.403183,0.071457,-0.445625,1.4746400000000002,0.48366600000000004,-0.6205453763323092,-0.3171420734128625,15.828485574721812,31.29934323574595,214.33028116577287,0.14276470527818574,3.320294771715907,1.0332253084989447,0.5916019564958547,0.34999287492972314,0.2541615152791626,2.894247170110217,0.9078728918589402,2.6400856548310543,0.6715117411530568,1.1607379718951991,0.7931487744553007,49.34266409135504,111.00550805270866,637.2019964984582,1.9273235212555075,2.9982631876989574,-0.8986122425697942,0.18970854335392737,-0.20081155426406508
kudari,kudari7_windowed_all.csv,-0.5821168066666667,0.3417478099789847,0.1167915656254322,-1.483704,0.510895,-0.52005,1.994599,0.40872575,-0.24686288766142098,0.46410309823254847,17.63160370434465,40.54212218321884,275.7459733052308,1.7992754595464913,3.0762452941856426,0.3923115200000001,0.4199469239495401,0.17635541893468082,-0.410141,1.782394,0.3139265,2.192535,0.45013000000000003,0.6674112834947759,0.5252653299647321,26.623328096064864,63.716111373621594,346.3127781296921,1.7992754595464913,2.859673973669242,-0.6095176133333333,0.3538858866863285,0.1252352207957689,-1.75087,0.084991,-0.58889,1.835861,0.47506724999999994,-0.5593749892755767,0.25401285638659443,18.9122002361217,43.1272340730187,287.59555170895635,0.13327966367011046,3.117681791901022,1.0258956244168413,0.4784740685868215,0.2289374343100264,0.35104095376750555,2.1889279298263795,0.9198997952168495,1.8378869760588739,0.6005097662562435,0.8871835376813286,-0.17976888275943592,34.57130410156571,109.64453920026328,741.3404435493877,1.7992754595464913,2.650004155632526,-0.8669625573536502,0.22853840809783452,-0.19478871758326782
kudari,kudari8_windowed_all.csv,-0.6636063615384614,0.42743769427614664,0.18270298248810862,-2.089951,0.366318,-0.5540085,2.4562690000000003,0.50965825,-0.7850077221657644,0.3457645313823279,23.887556612996967,51.883713322954335,378.7250055852832,1.998915317269698,3.0940797074054824,0.4906873384615385,0.563501527608469,0.3175339716170782,-0.396576,2.120911,0.3887175,2.517487,0.67465225,0.9183712724737438,0.2631133461817159,41.5966246171555,90.74642954443665,514.2731183308043,1.998915317269698,2.9418498305091734,-0.41179529230769235,0.3293115616010398,0.10844610460411543,-1.312363,0.241241,-0.343109,1.553604,0.4520564999999999,-0.6472262964926772,-0.20280216503639492,14.196326823820781,39.0478622394599,288.51086503382544,0.07688135835652685,2.810298637823329,1.039783581312815,0.6135712969032843,0.3764697363835783,0.26128734592781183,2.9076264690943368,0.8874401399865637,2.6463391231665248,0.8072138517996564,0.9863625139989554,0.16864392971537567,49.26143367997666,133.88310066767866,947.8480798063243,1.998915317269698,2.7300574814000846,-0.8748220028204661,0.20302350776596864,-0.03932746832566482
kudari,kudari9_windowed_all.csv,-0.7169881499999999,0.3675531973975528,0.13509535291716443,-1.980286,0.10524,-0.7182465,2.0855259999999998,0.46931049999999996,-0.2634153814008813,0.5561367261025651,19.049895994111548,32.33807311903592,129.29770252957127,1.9273235212555075,3.2293286585992664,0.4825347142857142,0.4210992083633945,0.17732454328427752,-0.614487,1.406006,0.5474315000000001,2.020493,0.5112224999999999,-0.6038270502501997,0.09714193978521868,24.972929580806785,70.0793645472848,405.88446437959465,0.07138235263909287,2.605668582974948,-0.05760793571428571,0.32842269762460785,0.1078614683150246,-1.227798,0.374222,0.052268999999999996,1.60202,0.18882,-1.7807997158524427,2.4293106780302667,15.135151073456365,56.979230858440346,367.07768431494384,0.14276470527818574,2.0453307642842473,1.0155392952054776,0.37036402208920227,0.13716950885809112,0.3758365334357478,2.1487094042955186,1.0020885261301737,1.7728728708597707,0.505182126899652,0.48999429806263417,0.03485631096457764,19.309695926311175,47.016929410095685,260.2562440701464,1.9273235212555075,2.8603115516289503,-0.768096176250023,-0.4900283776908767,0.7185625188172223
nobori,nobori1_windowed_all.csv,-0.9296285725190839,0.4108509389947055,0.1687984940728312,-1.717056,0.342789,-0.948669,2.059845,0.5712735,0.6347455041590124,0.4855974712769342,22.11260272354089,45.20167336132426,274.4747291896821,1.8327659786940955,2.966599946806942,0.40708293129770995,0.3097478076232636,0.0959437043274183,-0.408936,0.995056,0.43486,1.4039920000000001,0.3318709999999999,-0.5898930605449841,0.2911089274501135,12.5686252668918,34.673549599199646,197.3102091050128,0.07636524911225398,2.5949267076996185,-0.1124721145038168,0.2761386887017419,0.07625257539791754,-1.113358,0.249786,-0.041397,1.3631440000000001,0.166466,-1.8976822511649343,2.953178074248754,9.9890873771272,29.816042697540528,157.52794204589148,0.07636524911225398,2.476370010451781,1.1357601853346373,0.30284725465374757,0.09171645965131184,0.6057057774291079,1.8381825784260386,1.097711897242168,1.2324768009969307,0.48292905844458334,0.2522365416489666,-0.8728527876839207,12.014856214321853,41.7014214801507,332.32993411386406,1.8327659786940955,2.5607505532737496,-0.38790361431788584,-0.4195896961350068,0.6735542568939723
nobori,nobori10_windowed_all.csv,-0.6606025470588235,0.32574301809807954,0.10610851383964576,-1.511993,0.231064,-0.6514665,1.7430569999999999,0.38181275000000003,0.2841252133689561,0.5797325387264465,18.02558931518926,30.015609107836223,113.79754543819928,0.058785266812064536,3.50465621627695,0.5489233705882354,0.386663671903431,0.1495087951698441,-0.565811,1.12941,0.6237105000000001,1.695221,0.33573174999999994,-1.4251720582455756,1.7316326921768392,25.566638076365457,80.81412859578907,474.52909963127576,0.058785266812064536,2.6095517331052482,0.0415615,0.298432710921163,0.08906208294775446,-0.946838,0.464417,0.129631,1.411255,0.15514,-2.0116882805547025,3.2313589174194495,15.229211481376094,59.76372940392972,427.4654928534427,0.058785266812064536,2.157904045797293,1.003440327623218,0.2750350735526032,0.07564429168408585,0.4989223775237988,1.681462072738782,0.9750927257006952,1.1825396952149831,0.37503143870234934,0.48866720668601293,-0.4509893818515227,12.886473608574837,24.978532005245075,155.06411584105857,1.763558004361936,3.5411495880631114,-0.7633411894676307,-0.6289405024981177,0.8157088805123072
nobori,nobori11_windowed_all.csv,-0.6569628875,0.3104321818105733,0.09636813950367283,-1.720001,0.173798,-0.6562425000000001,1.893799,0.3657415,0.039443589060337146,0.9993630630956769,15.507368485462253,28.111045392146224,174.4054250506959,1.811246936081956,3.406531361044937,0.58785915,0.40317674829501066,0.16255149036573838,-0.961258,1.332748,0.649994,2.294006,0.32904049999999996,-1.6848288422519833,3.104552285293498,26.166128206892154,74.27020365728379,414.56143812598833,0.1249135817987556,2.7170989167937063,0.08094872500000001,0.29767941672717446,0.0886130351430308,-1.270859,0.522827,0.155426,1.7936860000000001,0.17094025000000002,-2.3377137716884437,5.641169526346859,14.26017917554195,47.089419814377045,328.10530744464114,0.0624567908993778,2.4891371035429533,1.0264372860762478,0.2756689208831086,0.07599335394085761,0.4587740826049353,1.8028106151620586,1.016811271836806,1.3440365325571233,0.4073292545818753,0.36030524905455474,-0.25799674129602845,12.225725807684872,29.497283924066114,248.2111275009505,1.811246936081956,3.3106016451038025,-0.6788367424118091,-0.5190280288323075,0.7606188963915765
nobori,nobori12_windowed_all.csv,-0.6894967062500001,0.2964465699362,0.08788056882693833,-1.650177,0.250916,-0.6595385,1.901093,0.35938275,-0.022546764554611774,1.3433270670169337,14.149096244590416,27.634785514929874,199.88560753619777,1.8113607793840354,3.389919896592808,0.6019952749999999,0.3408378264447171,0.11617042393555911,-0.655487,1.354691,0.6370085000000001,2.0101780000000002,0.32403575,-1.3315112165859186,3.0172891564712607,18.70487031228929,41.180594857970604,219.77953051129933,0.12492143306096797,3.113406283344605,0.1125699,0.2776340031817419,0.07708063972271947,-1.418243,0.443481,0.1795125,1.861724,0.14250924999999998,-2.9331122877684415,9.997057849854322,12.406969643589669,35.05284716192389,215.8351947146877,0.06246071653048398,2.7283843206632867,1.0221376333834833,0.2926095466810443,0.08562034680888622,0.3813005098488592,1.764645001099938,0.9871146989655881,1.3833444912510786,0.3909368797754855,0.45168968748683963,-0.19010927109591202,13.783016088384228,40.72398147268505,356.32073609944507,1.8113607793840354,3.1067525226381627,-0.6496888248430753,-0.4734035252485931,0.6711887964464713
nobori,nobori2_windowed_all.csv,-0.8929387786259543,0.35071190254753565,0.12299883858851215,-1.829453,0.662796,-0.919022,2.492249,0.39140300000000017,1.1513425770024945,4.173896818704924,16.112847855095097,30.818327017774685,168.98208835164905,1.8326249533033063,3.169664528884183,0.44359990076335876,0.2602303097014067,0.06771981408729005,-0.350311,1.166092,0.442139,1.516403,0.2500615,-0.11366700011802947,1.4888196804610745,8.871295645435001,16.71685772726774,79.78081770784509,0.9163124766516532,3.168737470328274,-0.1320899847328244,0.26946188046532193,0.07260970502390746,-1.706726,0.174438,-0.081223,1.881164,0.15183249999999998,-3.0923143738985845,11.986893836151898,9.511871358131875,20.739356823210233,112.61971226244218,0.07635937305430443,2.9618692776944946,1.0962136588385596,0.2678616038773353,0.0717498388317385,0.637094682034782,1.8993749962211255,1.1034044526849618,1.2622803141863435,0.4246403840110562,0.3679521616547038,-0.12772656848988495,9.399228886957745,27.881306867144787,211.61330059850866,1.8326249533033063,2.8182310659133147,-0.41110573388874383,-0.40138882351666116,0.4678152755985483
nobori,nobori3_windowed_all.csv,-0.8955876776859504,0.3540921872733431,0.12538127708802027,-1.640396,0.075821,-0.890335,1.7162169999999999,0.5066979999999999,0.2720544678605953,-0.27308503457396993,15.17113452765045,37.48655585357295,278.8370076784569,1.8187880808754429,2.9345594870520197,0.48295282644628107,0.29081472945341214,0.0845732068670613,-0.345856,1.048691,0.487213,1.394547,0.340225,-0.5387647851007148,0.4661968981692226,10.233358030914417,18.452981809262507,80.25141266513866,1.8187880808754429,3.074866731082211,-0.15721308264462808,0.27847429429956927,0.07754793258564313,-1.522339,0.212692,-0.106796,1.7350310000000002,0.184982,-2.5915690396870965,8.08254686826743,9.383299842862817,18.83313686081925,96.99329995821262,0.16534437098867663,3.0232353512969135,1.1123356370644548,0.32980510246863964,0.1087714056143499,0.512866481756217,2.0033428857140256,1.0934046386407001,1.4904764039578087,0.5265327869374733,0.2604782025355237,-0.6547339953459153,13.161340079336343,50.26872326857125,383.5960329502271,1.8187880808754429,2.2692381630213365,-0.4840333924937017,-0.20788415576536173,0.5497753516312882
nobori,nobori4_windowed_all.csv,-0.8033014198473283,0.3339115139536903,0.11149689915084549,-1.577087,0.356644,-0.801208,1.9337309999999999,0.45684800000000003,0.7441748735589158,1.6330986475782066,14.606093788760756,25.490223020222576,127.94780222982425,1.756265580249002,3.218585242933723,0.5969684503816793,0.27231751048140085,0.07415682651478787,-0.223068,1.146301,0.56546,1.369369,0.3362805,-0.1592073849004109,0.35835223595761345,9.714544273437218,17.58588133277792,94.99209191976144,1.756265580249002,3.2305819895592416,-0.08828480916030534,0.20954192100315888,0.04390781665769408,-0.938324,0.269791,-0.040268,1.208115,0.1370695,-2.0658191948125464,4.840728252680257,5.751923982157923,12.00244151294482,67.11401583460977,0.07635937305430443,3.02309532289831,1.0699778313180406,0.3051658582884637,0.09312620106493473,0.5963107406294138,1.8446057409077963,1.0741936914258061,1.2482950002783824,0.4838282210094893,0.4444367091067955,-0.5642008019380209,12.199532339506446,34.75253994688611,217.14569071549687,1.756265580249002,2.675934279600537,-0.6065236567123288,-0.4068855776391167,0.2973692476887695
nobori,nobori5_windowed_all.csv,-0.5750184416666666,0.3171152855623764,0.10056210433730754,-1.192947,0.277573,-0.58577,1.47052,0.4589685000000001,0.22252752056171046,-0.45864378419133667,12.15333881186459,30.97477060252906,164.4963635330173,0.0830054964984236,2.6715957223695783,0.5690823999999999,0.44099225724128427,0.19447417094676306,-0.36116,1.577972,0.605095,1.9391319999999999,0.5582045,-0.22568978075079982,-0.4843774285200735,23.521458425694064,68.08440447153755,379.5338570755136,0.0830054964984236,2.5036946948531815,-0.19513846666666668,0.41149695231492256,0.16932974176446963,-1.49884,0.39064,-0.018234,1.8894799999999998,0.40699375,-1.3785971157359964,1.0158061292491292,20.491748934638206,84.09742084368219,576.5051717209625,0.0830054964984236,1.7943530851788505,1.0179098419403438,0.34339265518834794,0.11791851563730364,0.36961207674804136,1.7480297772386486,0.9937971323987072,1.3784177004906073,0.49526253652050667,0.09753367639958214,-0.8371628449032498,14.226447287785096,51.211626404598086,391.0915842974522,1.8261209229653192,2.4337387901789183,-0.7694568562708725,-0.5205328399529655,0.6469470073175637
nobori,nobori6_windowed_all.csv,-0.5986576857142858,0.30953611166900497,0.0958126044271667,-1.329727,0.263611,-0.626953,1.5933380000000001,0.39160124999999996,0.42725271870837045,0.47274661280594277,13.508560737137682,28.521438455535517,189.81685064258764,1.7132996425489955,3.06294003260402,0.6920994571428571,0.3675607878884401,0.13510093279317087,-0.211746,1.466797,0.7129975,1.678543,0.47384250000000006,-0.3317280550879377,-0.111862520442231,19.047762330502223,42.30642782726479,221.84963793588201,1.7132996425489955,2.8694604472033842,-0.11513767142857145,0.3066892626227607,0.09405830380809269,-1.55159,0.224228,-0.036796499999999996,1.7758180000000001,0.16934950000000001,-2.5999215064268024,7.387220537451887,13.243980177829997,39.24761335175869,202.79849266825389,0.21416245531862443,2.4804899339411857,1.0276626006356933,0.34358811637222525,0.1180527937122138,0.3743907353901803,1.905691550528049,1.0508218620195247,1.5313008151378686,0.4742430788700004,0.07556980651154638,-0.6389081224379893,16.632728032359786,58.425479971659975,421.6575524232465,1.7132996425489955,2.3600157371913366,-0.7583550283177964,-0.47575539512497034,0.501802522075426
nobori,nobori7_windowed_all.csv,-0.4659421866666667,0.346294276601406,0.11991972600689109,-1.331329,0.520798,-0.49588750000000004,1.8521269999999999,0.45055825,0.3253391916989447,-0.2198181690606149,18.109498315705405,55.72804180682418,366.2592585495632,0.06627524241615515,2.540455685075084,0.5349179066666667,0.4696272623284185,0.2205497655220852,-0.427887,1.371719,0.5988770000000001,1.7996059999999998,0.6536102500000001,-0.34397419980072663,-0.795673361854051,33.277108779981674,146.70517866645685,1186.1880526876823,0.06627524241615515,2.009323727179219,-0.37423024,0.41361804170700694,0.17107988442553934,-1.673065,0.201355,-0.2150805,1.87442,0.5841675,-1.040406189061459,0.3380152778791503,25.75310636370843,133.30009066699552,1136.5803049796436,0.06627524241615515,1.880002529863523,1.018603810473342,0.3385810572646047,0.1146371323384175,0.22274074529371585,1.9263355634086705,1.0110375774433522,1.7035948181149547,0.49383798535292867,-0.06585923289427699,-0.6044700874980933,17.2468824562904,88.52674828537148,767.1588085798409,1.789431545236189,2.080126899555026,-0.8012365332436409,-0.4737932452139792,0.5904183759731289
nobori,nobori8_windowed_all.csv,-0.62439223125,0.38087474689513146,0.14506557282243046,-1.498489,0.46936,-0.6810075,1.967849,0.5096895000000001,0.3504365135864533,-0.1740792686294017,23.349169436424443,62.397710152274584,455.41779135196043,0.0624685692733216,2.8920892180347564,0.5461727,0.44829406684735223,0.20096757037053833,-0.403885,1.588623,0.5999909999999999,1.992508,0.57706875,-0.2670067217053043,-0.4876611901062424,32.3582855011212,91.7179597581503,590.286919648137,0.1249371385466432,2.7849170360943654,-0.41493247499999997,0.30953485310107043,0.09581182528430125,-1.218857,0.073395,-0.313942,1.2922520000000002,0.46600300000000006,-0.704201202066138,-0.5601012545546409,15.405634292247395,62.71821935067007,499.8111098086187,0.0624685692733216,2.354593390888488,1.0794854375558376,0.36739280370028365,0.13497747221075515,0.26608748728190884,2.1465951983254783,1.0361319345885516,1.8805077110435695,0.5098412656290201,0.20610323840846353,-0.22329187399094197,21.715424478893738,52.88255515085571,297.7570702644314,1.6866513703796833,3.022896200465354,-0.7798205434633811,-0.3559533321037656,0.4431876435427013
nobori,nobori9_windowed_all.csv,-0.6078238578947369,0.2562331448836776,0.06565542453697973,-1.554001,0.480164,-0.600456,2.034165,0.25461524999999996,0.5694451504577809,3.8989485854960964,12.538113397072193,18.97430569042714,83.97502452611705,0.36818728292813246,3.726388297008522,0.6474504000000001,0.33130681425375386,0.10976420517097137,-0.483032,1.223099,0.7235944999999999,1.706131,0.28904300000000005,-1.6904402489821693,3.101335849771663,20.95521886870383,58.57570284557867,364.4311454423113,0.105196366550895,2.9262837357659564,0.15827433157894735,0.2882911682039945,0.08311179766442384,-1.091293,0.594513,0.228653,1.685806,0.13121774999999997,-2.4502409744078886,5.898112693630784,15.871745413422406,54.00188146077108,332.13704847001867,0.0525981832754475,2.491926107268388,1.008535489999402,0.23238708675339098,0.05400375808972807,0.4994131994591252,1.6574918534056207,0.9994503414115345,1.1580786539464953,0.2792110013267838,0.21816651096707998,-0.08075571097505563,10.306127641857232,24.369196508991486,197.89380152162482,1.788338231365215,3.474822600127009,-0.5795260176642683,-0.5508693958484397,0.7424245834009585
